data;hora;natureza_acidente;situacao;bairro;endereco;numero;detalhe_endereco_acidente;complemento;endereco_cruzamento;numero_cruzamento;referencia_cruzamento;bairro_cruzamento;num_semaforo;sentido_via;tipo;descricao;auto;moto;ciclom;ciclista;pedestre;onibus;caminhao;viatura;outros;vitimas;vitimasfatais;acidente_verificado;tempo_clima;situacao_semaforo;sinalizacao;condicao_via;conservacao_via;ponto_controle;situacao_placa;velocidade_max_via;mao_direcao;divisao_via1;divisao_via2;divisao_via3
2020-01-05;17:07:00;SEM VÍTIMA;FINALIZADA;PINA;AV CONSELHEIRO AGUIAR;960;RUA TOME GIBSON;PADARIA MIRAMAR;AV CONSELHEIRO AGUIAR;960;PADARIA MIRAMAR;PINA;2;;ABALROAMENTO TRANSVERSAL;SEM VÍTIMAS;1;;;;;1;;;;0;;Cruzamento;Bom;Sem defeito;Perfeito estado;Seca;Perfeito estado;Faixa de pedestre;Não há placas;;Dupla;Faixa seccionada;;
2020-01-05;19:23:00;COM VÍTIMA;FINALIZADA;MUSTARDINHA;RUA VINTE E UM DE ABRIL;711;RUA JOAO LEITE;E/F A CAPELA DE SÃO JOSÉ / PRÓX A MT-MOTOS;RUA VINTE E UM DE ABRIL;711;E/F A CAPELA DE SÃO JOSÉ / PRÓX A MT-MOTOS;MUSTARDINHA;;SUBURBIO;ATROPELAMENTO;ENTRE MOTO E PEDESTRE. C/V;;1;;;1;;;;;2;;Longo da via;Bom;Não existe;Não existente;Seca;Perfeito estado;Não existe;Não há placas;;Dupla;Não existe;;
2020-01-05;19:31:00;SEM VÍTIMA;FINALIZADA;ROSARINHO;AV SANTOS DUMONT;815;;;AV SANTOS DUMONT;815;;ROSARINHO;;;COLISÃO TRASEIRA;COLISAO SEM VÍTIMAS;2;;;;;;;;;0;;Longo da via;Bom;Sem defeito;Perfeito estado;Seca;Perfeito estado;Não existe;R-6a;;Única;Não existe;;
2020-01-05;19:35:00;COM VÍTIMA;FINALIZADA;LINHA DO TIRO;RUA PROFESSOR JOSE AMARINO DOS REIS;117;;E/FAASSEMBLEIA DE DEUS;RUA PROFESSOR JOSE AMARINO DOS REIS;117;E/FAASSEMBLEIA DE DEUS;LINHA DO TIRO;;SUBURBIO;ATROPELAMENTO;ENTRE MOTO E PEDESTRE. C/V;;1;;;1;;;;;1;;Longo da via;Bom;Não existe;Não existente;Seca;Perfeito estado;Não existe;Não há placas;;Dupla;Não existe;;
2020-01-05;19:47:00;SEM VÍTIMA;CANCELADA;CÓRREGO DO JENIPAPO;RUA ERUNDINA NEGREIROS DE ARAUJO;582;;PROX AO TERMINAL DO LARGO DO MARACANA;RUA ERUNDINA NEGREIROS DE ARAUJO;582;PROX AO TERMINAL DO LARGO DO MARACANA;CÓRREGO DO JENIPAPO;;;COLISÃO;COLISAO SEM VITMAS;1;1;;;;;;;;0;;;;;;;;;;;;;;
2020-01-05;19:49:00;COM VÍTIMA;FINALIZADA;IBURA;AV DOIS RIOS;;LAD DA COHAB;AO LADO DA POLICLINICA ARNALDO BARROS. LADO OPOSTO AO POSTE B041617.;AV DOIS RIOS;;AO LADO DA POLICLINICA ARNALDO BARROS. LADO OPOSTO AO POSTE B041617.;IBURA;;SUBURBIO;ABALROAMENTO TRANSVERSAL;ENTRE AUTO E MOTO. C/V;1;1;;;;;;;;2;;Esquina;Bom;Não existe;Perfeito estado;Seca;Perfeito estado;Não existe;Não há placas;;Dupla;Canteiro central;;
2020-01-05;20:08:00;SEM VÍTIMA;FINALIZADA;TORRÕES;AV ENGENHEIRO ABDIAS DE CARVALHO;51;;EM FRENTE AO PLATO TURBO;AV ENGENHEIRO ABDIAS DE CARVALHO;51;EM FRENTE AO PLATO TURBO;TORRÕES;;CIDADE;ABALROAMENTO LONGITUDINAL;COLISAO SEM VÍTIMAS;1;;;;;;;;2;0;;Longo da via;Bom;Não existe;Perfeito estado;Seca;Perfeito estado;Não existe;Não há placas;;Única;Faixa seccionada;;
2020-01-05;22:35:00;COM VÍTIMA;FINALIZADA;CASA FORTE;EST DO ENCANAMENTO;;EST DAS UBAIAS,;NO CRUZAMENTO MESMO;EST DO ENCANAMENTO;;NO CRUZAMENTO MESMO;CASA FORTE;593;SUBURBIO;ABALROAMENTO TRANSVERSAL;COLISAO COM VÍTIMAS;1;1;;;;;;;;1;;Cruzamento;Bom;Sem defeito;Perfeito estado;Seca;Perfeito estado;Faixa de pedestre;Outras;;Única;Faixa contínua;;
2020-01-06;06:47:00;SEM VÍTIMA;FINALIZADA;ÁGUA FRIA;AV BEBERIBE;1799;RUA ZEFERINO AGRA;;AV BEBERIBE;1799;;ÁGUA FRIA;;CIDADE;ABALROAMENTO LONGITUDINAL;S/VÍTIMA;1;1;;;;;;;;0;;Longo da via;Bom;Não existe;Perfeito estado;Seca;Perfeito estado;Faixa de pedestre;R-6a;;Dupla;Faixa contínua;;
2020-01-06;07:00:00;SEM VÍTIMA;FINALIZADA;ILHA DO LEITE;AV GOVERNADOR AGAMENON MAGALHAES;422;RUA HENRIQUE DIAS;SOB A LINHA DE RETENÇÃO DO SEMÁFORO Nº 068;AV GOVERNADOR AGAMENON MAGALHAES;422;SOB A LINHA DE RETENÇÃO DO SEMÁFORO Nº 068;ILHA DO LEITE;68;;COLISÃO TRASEIRA;COLISAO S/ VÍTIMA. ENTRE DOIS VEICULOS.;2;;;;;;;;;0;;Longo da via;Bom;Sem defeito;Perfeito estado;Seca;Perfeito estado;Agente;Não há placas;60 km/h;Dupla;Faixa seccionada;Canteiro central;
2020-01-06;07:31:00;COM VÍTIMA;FINALIZADA;PRADO;AV ENGENHEIRO ABDIAS DE CARVALHO;;RUA CARLOS GOMES;PRÓXIMO A FARMÁCIA PAGUE MENOS;AV ENGENHEIRO ABDIAS DE CARVALHO;;PRÓXIMO A FARMÁCIA PAGUE MENOS;PRADO;57;CIDADE;COLISÃO COM CICLISTA;AUTO E BICICLETA.;1;;;1;;;;;;1;;Esquina;Bom;Sem defeito;Perfeito estado;Seca;Perfeito estado;;Outras;;Única;;;
2020-01-06;08:35:00;SEM VÍTIMA;FINALIZADA;IMBIRIBEIRA;RUA ENGENHEIRO JOSE BRANDAO CAVALCANTE;95;RUA GENERAL GOES MONTEIRO;;RUA ENGENHEIRO JOSE BRANDAO CAVALCANTE;95;;IMBIRIBEIRA;;CIDADE;ABALROAMENTO TRANSVERSAL;SEM VÍTIMAS;2;;;;;;;;;0;;Cruzamento;Bom;Não existe;Não existente;Seca;Perfeito estado;Não existe;Não há placas;;Dupla;Não existe;;
2020-01-06;08:54:00;SEM VÍTIMA;CANCELADA;CASA AMARELA;RUA PADRE LEMOS;309;;EM FRENTE A CAIXA ECONOMICA;RUA PADRE LEMOS;309;EM FRENTE A CAIXA ECONOMICA;CASA AMARELA;;;COLISÃO;COLISAO S/ VÍTIMA ENTRE ONIBUS E CARRO PASSEIO;1;;;;;1;;;;0;;;;;;;;;;;;;;
2020-01-06;09:03:00;COM VÍTIMA;FINALIZADA;MANGABEIRA;AV NORTE;4681;RUA RODRIGUES SETE;PROX. TOTAL CAR;AV NORTE;4681;PROX. TOTAL CAR;MANGABEIRA;;CIDADE;ABALROAMENTO TRANSVERSAL;COLISAO COM VÍTIMA ENTRE VEICULO E MOTO;1;1;;;;;;;;1;;Longo da via;Bom;Sem defeito;Perfeito estado;Seca;Perfeito estado;Outros;Não há placas;;Dupla;Canteiro central;;
2020-01-06;09:30:00;SEM VÍTIMA;FINALIZADA;AREIAS;AV RECIFE;657;;MAKRO;AV RECIFE;657;MAKRO;AREIAS;;SUBURBIO;COLISÃO TRASEIRA;SEM VÍTIMAS;1;;;;;;1;;;0;;Longo da via;Bom;;Perfeito estado;Seca;Perfeito estado;Faixa de pedestre;;;Dupla;Canteiro central;;
2020-01-06;10:21:00;SEM VÍTIMA;FINALIZADA;ESPINHEIRO;AV GOVERNADOR AGAMENON MAGALHAES;3158;;EM FRENTE A MEDICAL;AV GOVERNADOR AGAMENON MAGALHAES;3158;EM FRENTE A MEDICAL;ESPINHEIRO;;;CHOQUE VEÍCULO PARADO;DOIS AUTOS;2;;;;;;;;;0;;Longo da via;Bom;Não existe;Perfeito estado;Seca;Perfeito estado;Não existe;Não há placas;60 km/h;Dupla;Faixa seccionada;;
2020-01-06;10:21:00;SEM VÍTIMA;FINALIZADA;BOA VISTA;RUA DO HOSPICIO;;;EM FRENTE A LOJAS AMERICANAS;RUA DO HOSPICIO;;EM FRENTE A LOJAS AMERICANAS;BOA VISTA;;CIDADE;ABALROAMENTO LONGITUDINAL;COLISÃO S/VÍTIMAS ENTRE UM AUTO E UM ONIBUS;1;;;;;1;;;;0;;Longo da via;Bom;Não existe;Perfeito estado;Seca;Perfeito estado;Não existe;Outras;;Única;Não existe;;
2020-01-06;11:15:00;SEM VÍTIMA;FINALIZADA;SAN MARTIN;AV ENGENHEIRO ABDIAS DE CARVALHO;;RUA QUINZE DE MARCO;SEMÁFORO 422;AV ENGENHEIRO ABDIAS DE CARVALHO;;SEMÁFORO 422;SAN MARTIN;422;CIDADE;COLISÃO TRASEIRA;DOIS AUTOS;2;;;;;;;;;0;;Cruzamento;Bom;Sem defeito;Perfeito estado;Seca;Perfeito estado;Faixa de pedestre;Não há placas;;Dupla;Canteiro central;;
2020-01-06;11:49:00;SEM VÍTIMA;FINALIZADA;SANTO AMARO;TRV CRUZ CABUGA;;;AO LADO DO SHOPPING TACARUNA;TRV CRUZ CABUGA;;AO LADO DO SHOPPING TACARUNA;SANTO AMARO;;CIDADE;ABALROAMENTO LONGITUDINAL;COLISAO S/ VÍTIMA ENTRE VEICULO E MOTO;1;1;;;;;;;;0;;Longo da via;Bom;Não existe;Perfeito estado;Seca;Perfeito estado;Não existe;R-6a;;Única;Não existe;;
2020-01-06;11:53:00;SEM VÍTIMA;FINALIZADA;PAISSANDU;AV GOVERNADOR AGAMENON MAGALHAES;;;LADO OPOSTO AO Nº 4575;AV GOVERNADOR AGAMENON MAGALHAES;;LADO OPOSTO AO Nº 4575;PAISSANDU;;;ABALROAMENTO LONGITUDINAL;DOIS AUTOS;2;;;;;;;;;0;;Longo da via;Bom;Sem defeito;Perfeito estado;Seca;Perfeito estado;Faixa de pedestre;Outras;60 km/h;Dupla;Canteiro central;;
2020-01-06;12:10:00;SEM VÍTIMA;FINALIZADA;PINA;AV ANTONIO DE GOES;260;;EM FRENTE A LOJA FBA NAUTICA;AV ANTONIO DE GOES;260;EM FRENTE A LOJA FBA NAUTICA;PINA;;CIDADE;COLISÃO TRASEIRA;COLISAO ENTRE AUTO E MOTO S/V;1;1;;;;;;;;0;;Longo da via;Bom;Sem defeito;Perfeito estado;Seca;Perfeito estado;Agente;Não há placas;60 km/h;Única;Faixa contínua;;
2020-01-06;12:47:00;SEM VÍTIMA;FINALIZADA;PINA;AV HERCULANO BANDEIRA;1001;RUA ARQUITETO AUGUSTO REINALDO;EM FRENTE AO ATACADO DA CONTRUÇAO;AV HERCULANO BANDEIRA;1001;EM FRENTE AO ATACADO DA CONTRUÇAO;PINA;660;SUBURBIO;ABALROAMENTO LONGITUDINAL;COLISAO ENTRE;1;;;;;1;;;;0;;Cruzamento;Bom;Sem defeito;Perfeito estado;Seca;Perfeito estado;Faixa de pedestre;Não há placas;;Única;;;
2020-01-06;13:00:00;SEM VÍTIMA;FINALIZADA;IMBIRIBEIRA;AV MARECHAL MASCARENHAS DE MORAES;;;;AV MARECHAL MASCARENHAS DE MORAES;;;IMBIRIBEIRA;631;CIDADE;COLISÃO TRASEIRA;COLISAO ENTRE AUTO E MOTO S/V;1;1;;;;;;;;0;;Cruzamento;Bom;Sem defeito;Perfeito estado;Seca;Perfeito estado;;Outras;60 km/h;Dupla;Canteiro central;;
2020-01-06;13:04:00;SEM VÍTIMA;FINALIZADA;IMBIRIBEIRA;AV MARECHAL MASCARENHAS DE MORAES;6333;;AEROPORTO;AV MARECHAL MASCARENHAS DE MORAES;6333;AEROPORTO;IMBIRIBEIRA;625;SUBURBIO;ABALROAMENTO LONGITUDINAL;COLISAO ENTRE DOIS AUTOS S/V;2;;;;;;;;;0;;Longo da via;Bom;Sem defeito;Perfeito estado;Seca;Perfeito estado;Faixa de pedestre;Não há placas;;Dupla;Canteiro central;;
2020-01-06;13:14:00;COM VÍTIMA;FINALIZADA;IMBIRIBEIRA;RUA ARQUITETO LUIZ NUNES;1650;;AO LADO DA DROGASIL;RUA ARQUITETO LUIZ NUNES;1650;AO LADO DA DROGASIL;IMBIRIBEIRA;;SUBURBIO;ABALROAMENTO LONGITUDINAL;COLISAO COM VÍTIMA ENTRE VEICULO E MOTO;1;1;;;;;;;;1;;Longo da via;Bom;Não existe;Ilegível;Seca;Mal iluminada;Não existe;Outras;;Dupla;Faixa seccionada;;
2020-01-06;13:36:00;SEM VÍTIMA;FINALIZADA;BOA VISTA;RUA DOM BOSCO;;RUA JOAQUIM DE BRITO;;RUA DOM BOSCO;;;BOA VISTA;;CIDADE;ABALROAMENTO LONGITUDINAL;COLISÃO SEM VÍTIMA;2;;;;;;;;;0;;Cruzamento;Bom;Não existe;Incompleta;Seca;Perfeito estado;;Placas Pare;;;Não existe;;
2020-01-06;13:44:00;COM VÍTIMA;FINALIZADA;PINA;AV REPUBLICA DO LIBANO;;;VIADUTO SHOPPING RIO MAR.;AV REPUBLICA DO LIBANO;;VIADUTO SHOPPING RIO MAR.;PINA;;SUBURBIO;ABALROAMENTO LONGITUDINAL;COLISAO COM VÍTIMA ENTRE VEICULO E MOTO;1;1;;;;;;;;1;;Longo da via;Bom;Não existe;Perfeito estado;Seca;Perfeito estado;Agente;Não há placas;;Única;Faixa contínua;;
2020-01-06;14:02:00;COM VÍTIMA;FINALIZADA;AREIAS;AV DR JOSE RUFINO;1501;;E/F A IGREJA PRESBITERIANA;AV DR JOSE RUFINO;1501;E/F A IGREJA PRESBITERIANA;AREIAS;44;CIDADE;COLISÃO TRASEIRA;COLISAO ENTRE AUTO E MOTO;1;1;;;;;;;;2;;Longo da via;Bom;Sem defeito;Incompleta;Seca;Perfeito estado;Faixa de pedestre;R-6a;;Dupla;Faixa contínua;;
2020-01-06;14:25:00;SEM VÍTIMA;FINALIZADA;SANTO AMARO;AV NORTE;141;RUA VINTE E QUATRO DE AGOSTO;EM FRENTE AO 21º CSM;AV NORTE;141;EM FRENTE AO 21º CSM;SANTO AMARO;463;SUBURBIO;ABALROAMENTO LONGITUDINAL;;1;;;;;1;;;;0;;Longo da via;Bom;Sem defeito;Perfeito estado;Seca;Perfeito estado;Faixa de retenção;Outras;60 km/h;Dupla;Faixa contínua;Canteiro central;
2020-01-06;14:38:00;SEM VÍTIMA;FINALIZADA;NOVA DESCOBERTA;AV VEREADOR OTACILIO AZEVEDO;;;E/F A ESCOLA ROTARY;AV VEREADOR OTACILIO AZEVEDO;;E/F A ESCOLA ROTARY;NOVA DESCOBERTA;;SUBURBIO;COLISÃO TRASEIRA;COLISAO SEM VÍTIMAS;1;1;;;;;;;;0;;Longo da via;Bom;Não existe;Perfeito estado;Seca;Perfeito estado;Faixa de pedestre;Outras;;Dupla;Faixa contínua;;
2020-01-06;14:46:00;SEM VÍTIMA;FINALIZADA;PINA;RUA CONSUL JOSEPH NOUJAIM;;RUA NOGUEIRA DE SOUZA;;RUA CONSUL JOSEPH NOUJAIM;;;PINA;658;CIDADE;ABALROAMENTO LONGITUDINAL;COLISAO DE DOIS AUTOSSEM VÍTIMAS;2;;;;;;;;;0;;Cruzamento;Bom;Sem defeito;Perfeito estado;Seca;Perfeito estado;Faixa de pedestre;Não há placas;;Única;Faixa seccionada;;
2020-01-06;14:48:00;SEM VÍTIMA;FINALIZADA;BOA VIAGEM;AV ENGENHEIRO DOMINGOS FERREIRA;2640;;POSTO BR;AV ENGENHEIRO DOMINGOS FERREIRA;2640;POSTO BR;BOA VIAGEM;;SUBURBIO;COLISÃO TRASEIRA;COLISÃO SEM VÍTIMA;3;;;;;;;;;0;;Longo da via;Bom;Não existe;Perfeito estado;Seca;Perfeito estado;Não existe;Não há placas;;Única;Faixa seccionada;;
2020-01-06;14:59:00;SEM VÍTIMA;DUPLICIDADE;PINA;RUA CONSUL JOSEPH NOUJAIM;;;;RUA CONSUL JOSEPH NOUJAIM;;;PINA;658;;COLISÃO;COLISÃO SEM VÍTIMA;2;;;;;;;;;0;;;;;;;;;;;;;;
2020-01-06;15:27:00;SEM VÍTIMA;FINALIZADA;ILHA DO LEITE;RUA GENERAL JOAQUIM INACIO;4481;;AO LADO DO BANCO;RUA GENERAL JOAQUIM INACIO;4481;AO LADO DO BANCO;ILHA DO LEITE;69;SUBURBIO;COLISÃO TRASEIRA;COLISAO SEM VÍTIMAS;2;;;;;;;;;0;;Longo da via;Bom;Sem defeito;Perfeito estado;Seca;Perfeito estado;Faixa de pedestre;Não há placas;40 km/h;Única;Faixa contínua;;
2020-01-06;17:24:00;SEM VÍTIMA;FINALIZADA;IMBIRIBEIRA;AV MARECHAL MASCARENHAS DE MORAES;2657;;E/F A IMBIRIBEIRA DIESEL;AV MARECHAL MASCARENHAS DE MORAES;2657;E/F A IMBIRIBEIRA DIESEL;IMBIRIBEIRA;7;CIDADE;COLISÃO TRASEIRA;COLISAO ENTRE ONIBUS E AUTOS S/V;1;;;;;1;;;;0;;Longo da via;Bom;Sem defeito;Perfeito estado;Seca;Perfeito estado;Faixa de pedestre;;60 km/h;Única;Canteiro central;;
2020-01-06;17:46:00;SEM VÍTIMA;FINALIZADA;BOA VIAGEM;RUA ANTONIO FALCAO;;RUA MINISTRO NELSON HUNGRIA;PARQUE TRIGO;RUA ANTONIO FALCAO;;PARQUE TRIGO;BOA VIAGEM;;;ABALROAMENTO TRANSVERSAL;COLISÃO COM VÍTIMA/ AGUARDANDO SAMU NO LOCAL;2;1;;;;;;;;0;;Cruzamento;Bom;Não existe;Incompleta;Seca;Perfeito estado;Não existe;Não há placas;60 km/h;Única;Não existe;;
2020-01-06;18:38:00;SEM VÍTIMA;FINALIZADA;ÁGUA FRIA;AV BEBERIBE;2238;;MERCADINHO DOIS IRMÃOS / SOBERANO;AV BEBERIBE;2238;MERCADINHO DOIS IRMÃOS / SOBERANO;ÁGUA FRIA;;SUBURBIO;ABALROAMENTO LONGITUDINAL;COLISAO SEM VÍTIMAS;1;;;;;1;;;;0;;Longo da via;Bom;Não existe;Perfeito estado;Seca;Perfeito estado;Não existe;Não há placas;;Dupla;Faixa contínua;Faixa seccionada;
2020-01-06;18:49:00;SEM VÍTIMA;FINALIZADA;BOA VIAGEM;AV CONSELHEIRO AGUIAR;3572;;LOJA CORTA JACA;AV CONSELHEIRO AGUIAR;3572;LOJA CORTA JACA;BOA VIAGEM;;CIDADE;ABALROAMENTO LONGITUDINAL;ENTRE 2 AUTOS. S/V;2;;;;;;;;;0;;Longo da via;Bom;Não existe;Perfeito estado;Seca;Perfeito estado;Não existe;R-6a;60 km/h;Única;Faixa seccionada;;
2020-01-06;18:58:00;COM VÍTIMA;FINALIZADA;SANTO ANTÔNIO;RUA DO SOL;;AV GUARARAPES;CRUZAMENTO C/AV GUARARAPES;RUA DO SOL;;CRUZAMENTO C/AV GUARARAPES;SANTO ANTÔNIO;14;SUBURBIO;ATROPELAMENTO;ATROPELAMENTO ENTRE CAMINHONETE E PEDESTRE.;1;;;;2;;;;;2;;Cruzamento;Bom;Sem defeito;Perfeito estado;Seca;Perfeito estado;Agente;R-6a;;Única;;;
2020-01-06;19:32:00;SEM VÍTIMA;FINALIZADA;ROSARINHO;AV CONS ROSA E SILVA;1997;;FARMÁCIA PAGUE MENOS;AV CONS ROSA E SILVA;1997;FARMÁCIA PAGUE MENOS;ROSARINHO;;SUBURBIO;ABALROAMENTO TRANSVERSAL;ENTRE AUTO E CAMINHÃO. S/V;1;;;;;;1;;;0;;Longo da via;Bom;Não existe;Perfeito estado;Seca;Perfeito estado;Não existe;Não há placas;;Única;Faixa contínua;;
2020-01-06;19:52:00;SEM VÍTIMA;FINALIZADA;IBURA;AV DOIS RIOS;1103;;EM FRENTE AO Nº 1103;AV DOIS RIOS;1103;EM FRENTE AO Nº 1103;IBURA;;;COLISÃO TRASEIRA;COLISAO SEM VÍTIMAS;2;;;;;;;;;0;;Longo da via;Bom;Sem defeito;Perfeito estado;Seca;Mal iluminada;Não existe;Não há placas;;Dupla;Faixa contínua;;
2020-01-06;20:11:00;SEM VÍTIMA;FINALIZADA;BOA VISTA;RUA LUIZ BARBALHO;89;RUA MIGUEL COUTO;EMLURB;RUA LUIZ BARBALHO;89;EMLURB;BOA VISTA;;CIDADE;ABALROAMENTO LONGITUDINAL;ENTRE 2 AUTOS. S/V;2;;;;;;;;;0;;Cruzamento;Bom;Não existe;;Seca;Perfeito estado;Não existe;Não há placas;;Dupla;Não existe;;
2020-01-06;20:28:00;SEM VÍTIMA;FINALIZADA;SANTO ANTÔNIO;C SANTA RITA;;;PRÓXIMO A ENTRADA DO TERMINAL;C SANTA RITA;;PRÓXIMO A ENTRADA DO TERMINAL;SANTO ANTÔNIO;76;CIDADE;ABALROAMENTO LONGITUDINAL;ENTRE AUTO E ÔNIBUS. S/V;1;;;;;1;;;;0;;Longo da via;Bom;Sem defeito;Perfeito estado;Seca;Perfeito estado;Não existe;Não há placas;;Dupla;Canteiro central;Faixa contínua;
2020-01-07;07:32:00;SEM VÍTIMA;CANCELADA;JARDIM SÃO PAULO;AV SAO PAULO;932;RUA CAPETINGA;200METROSAPÓS O CONDOMINIO EL SALVADOR;AV SAO PAULO;932;200METROSAPÓS O CONDOMINIO EL SALVADOR;JARDIM SÃO PAULO;;BR 101;COLISÃO;SEM VÍTIMAS;2;;;;;;;;;0;;;;;;;;;;;;;;
2020-01-07;07:32:00;SEM VÍTIMA;FINALIZADA;DOIS IRMÃOS;RUA DOIS IRMAOS;;AV DA RECUPERACAO;;RUA DOIS IRMAOS;;;DOIS IRMÃOS;416;CIDADE;ABALROAMENTO LONGITUDINAL;COLISÃOSEMVÍTIMAS ;;2;;;;;;;;0;;Cruzamento;Chuvoso;Sem defeito;Perfeito estado;Molhada;Perfeito estado;Não existe;Não há placas;;Dupla;Não existe;;
2020-01-07;08:01:00;SEM VÍTIMA;FINALIZADA;VÁRZEA;AV CAXANGA;;;LADO OPOSTO A UPA ESCRITOR PAULO CAVALCANTI CAXANGÁ;AV CAXANGA;;LADO OPOSTO A UPA ESCRITOR PAULO CAVALCANTI CAXANGÁ;VÁRZEA;281;CIDADE;COLISÃO TRASEIRA;SEM VÍTIMA. ENTRE TRES VEICULOS.;3;;;;;;;;;0;;Longo da via;Chuvoso;Sem defeito;Perfeito estado;Molhada;Perfeito estado;Agente;Não há placas;60 km/h;Dupla;Faixa seccionada;Canteiro central;
2020-01-07;08:06:00;SEM VÍTIMA;FINALIZADA;ESPINHEIRO;AV CONS ROSA E SILVA;;;EM FRENTE AO HOSPITAL DOS SERVIDORES DO ESTADO - HSE;AV CONS ROSA E SILVA;;EM FRENTE AO HOSPITAL DOS SERVIDORES DO ESTADO - HSE;ESPINHEIRO;309;SUBURBIO;COLISÃO TRASEIRA;SEM VÍTIMAS;2;;;;;;;;;0;;Longo da via;Bom;Sem defeito;Perfeito estado;Seca;Perfeito estado;Faixa de pedestre;;;Única;Faixa seccionada;;
2020-01-07;08:11:00;SEM VÍTIMA;FINALIZADA;GRAÇAS;AV RUI BARBOSA;870;;EM FRENTE AO Nº 870;AV RUI BARBOSA;870;EM FRENTE AO Nº 870;GRAÇAS;48;CIDADE;COLISÃO TRASEIRA;DOIS AUTOSPONTO FIXO;2;;;;;;;;;0;;Longo da via;Bom;Sem defeito;Perfeito estado;Seca;Perfeito estado;Agente;Outras;;Única;Faixa seccionada;;
2020-01-07;09:23:00;SEM VÍTIMA;FINALIZADA;AFOGADOS;RUA SAO MIGUEL;650;;LADO OP A PORTUGUÊS STO INÁCIO AUTO PEÇAS;RUA SAO MIGUEL;650;LADO OP A PORTUGUÊS STO INÁCIO AUTO PEÇAS;AFOGADOS;391;CIDADE;ABALROAMENTO LONGITUDINAL;COLISÃO SEM VÍTIMAS;1;;;;;1;;;;0;;Longo da via;Bom;Sem defeito;Incompleta;Seca;;;Outras;50 km/h;Dupla;;;
2020-01-07;09:25:00;SEM VÍTIMA;CANCELADA;IMBIRIBEIRA;AV MARECHAL MASCARENHAS DE MORAES;;;EMFRENTEAOJUIZADODEPEQUENASCAUSAS;AV MARECHAL MASCARENHAS DE MORAES;;EMFRENTEAOJUIZADODEPEQUENASCAUSAS;IMBIRIBEIRA;;AFOGADOS;COLISÃO;COLISÃOSEMVÍTIMAS;1;;;;;1;;;;0;;;;;;;;;;;;;;
2020-01-07;09:58:00;SEM VÍTIMA;FINALIZADA;IMBIRIBEIRA;AV MARECHAL MASCARENHAS DE MORAES;;RUA JOAQUIM BANDEIRA;CONCESSIONÁRIA MITSUBISH MOTORS;AV MARECHAL MASCARENHAS DE MORAES;;CONCESSIONÁRIA MITSUBISH MOTORS;IMBIRIBEIRA;534;SUBURBIO;ABALROAMENTO LONGITUDINAL;COLISAO S/ VÍTIMA CAMINHAO E ONIBUS;;;;;;1;1;;;0;;Cruzamento;Bom;Sem defeito;Perfeito estado;Seca;Perfeito estado;Faixa de pedestre;Não há placas;60 km/h;Dupla;Canteiro central;;
2020-01-07;11:05:00;SEM VÍTIMA;FINALIZADA;AFLITOS;AV CONS ROSA E SILVA;632;;GALERIA MOLDULAR;AV CONS ROSA E SILVA;632;GALERIA MOLDULAR;AFLITOS;;SUBURBIO;COLISÃO TRASEIRA;COLISÃOSEM VÍTIMAS;2;;;;;;;;;0;;Longo da via;Bom;Sem defeito;Perfeito estado;Seca;Perfeito estado;Não existe;R-6a;40 km/h;Única;Faixa contínua;;
2020-01-07;11:20:00;SEM VÍTIMA;FINALIZADA;CAMPO GRANDE;RUA DR MACHADO;353;RUA VOLUNTARIOS DA PATRIA;;RUA DR MACHADO;353;;CAMPO GRANDE;;;COLISÃO TRASEIRA;COLISÃO SEMVÍTIMAS;2;;;;;;;;;0;;Cruzamento;Bom;Sem defeito;Perfeito estado;Seca;Perfeito estado;Não existe;Placas Pare;;Única;Não existe;;
2020-01-07;11:27:00;COM VÍTIMA;FINALIZADA;IPUTINGA;RUA EMILIANO BRAGA;163;RUA MANOEL JOAQUIM DE ALMEIDA;ED NOVA ESPERANÇA;RUA EMILIANO BRAGA;163;ED NOVA ESPERANÇA;IPUTINGA;;;ABALROAMENTO TRANSVERSAL;COLISAO COM VÍTIMA. ENTRE CARRO E MOTO;1;1;;;;;;;;1;;Cruzamento;Bom;Não existe;Incompleta;Seca;Perfeito estado;Não existe;Não há placas;;Dupla;Não existe;;