data;hora;natureza_acidente;situacao;bairro;endereco;numero;detalhe_endereco_acidente;complemento;endereco_cruzamento;numero_cruzamento;referencia_cruzamento;bairro_cruzamento;num_semaforo;sentido_via;tipo;descricao;auto;moto;ciclom;ciclista;pedestre;onibus;caminhao;viatura;outros;vitimas;vitimasfatais;acidente_verificado;tempo_clima;situacao_semaforo;sinalizacao;condicao_via;conservacao_via;ponto_controle;situacao_placa;velocidade_max_via;mao_direcao;divisao_via1;divisao_via2;divisao_via3
2020-01-15;17:33:00;SEM VÍTIMA;FINALIZADA;SANTO ANTÔNIO;RUA IMPERADOR PEDRO SEGUNDO;307;RUA MARQUES DO RECIFE;EM FRENTE AO EDIFÍCIO ARMANDO MONTEIRO FILHO;RUA IMPERADOR PEDRO SEGUNDO;307;EM FRENTE AO EDIFÍCIO ARMANDO MONTEIRO FILHO;SANTO ANTÔNIO;;;ABALROAMENTO LONGITUDINAL;COLISÃO SEM VÍTIMA;;;;;;1;1;;;0;;Longo da via;Bom;Não existe;Perfeito estado;Seca;Perfeito estado;Não existe;Outras;;Única;Faixa seccionada;;
2020-01-15;17:39:00;SEM VÍTIMA;FINALIZADA;VÁRZEA;RUA GASTAO VIDIGAL;;;EM FRENTE AO CALDINHO DO MARROM E A PARADA DE Nº 090278;RUA GASTAO VIDIGAL;;EM FRENTE AO CALDINHO DO MARROM E A PARADA DE Nº 090278;VÁRZEA;281;SUBURBIO;ABALROAMENTO LONGITUDINAL;COLISÃO SEM VÍTIMA;1;;;;;1;;;;0;;Longo da via;Bom;Sem defeito;Perfeito estado;Seca;Perfeito estado;Não existe;Não há placas;;Dupla;Faixa seccionada;;
2020-01-15;17:56:00;SEM VÍTIMA;FINALIZADA;IMBIRIBEIRA;AV MARECHAL MASCARENHAS DE MORAES;2728;;TAMBAÍ;AV MARECHAL MASCARENHAS DE MORAES;2728;TAMBAÍ;IMBIRIBEIRA;161;SUBURBIO;COLISÃO TRASEIRA;ENTRE ONIBUS X AUTO PASSEIO S/V;1;;;;;1;;;;0;;Longo da via;Bom;Sem defeito;Perfeito estado;Seca;Perfeito estado;Faixa de pedestre;Não há placas;;Dupla;Canteiro central;;
2020-01-15;18:18:00;SEM VÍTIMA;FINALIZADA;BOA VIAGEM;AVENIDA CELSO FURTADO (VIA MANGUE);;;;AVENIDA CELSO FURTADO (VIA MANGUE);;;BOA VIAGEM;;SUBURBIO;ABALROAMENTO LONGITUDINAL;ENTRE DOIS AUTOS S/V;2;;;;;;;;;0;;Longo da via;Bom;Não existe;Perfeito estado;Seca;Perfeito estado;Não existe;Não há placas;60 km/h;Dupla;Canteiro central;;
2020-01-15;18:34:00;SEM VÍTIMA;FINALIZADA;DOIS IRMÃOS;;;;PRÓXIMO AO HOTEL SENZALA;;;PRÓXIMO AO HOTEL SENZALA;DOIS IRMÃOS;416;;ABALROAMENTO LONGITUDINAL;DOIS ONIX;2;;;;;;;;;0;;Cruzamento;Bom;Sem defeito;Incompleta;;;Não existe;R-6a;;Dupla;Não existe;;
2020-01-15;18:58:00;SEM VÍTIMA;FINALIZADA;IMBIRIBEIRA;RUA ARQUITETO LUIZ NUNES;873;;;RUA ARQUITETO LUIZ NUNES;873;;IMBIRIBEIRA;;SUBURBIO;ABALROAMENTO LONGITUDINAL;MOTO X COROLA;1;1;;;;;;;;0;;Longo da via;Bom;Não existe;Perfeito estado;Seca;Perfeito estado;Não existe;Não há placas;40 km/h;Dupla;Faixa contínua;;
2020-01-15;19:13:00;SEM VÍTIMA;FINALIZADA;BOA VIAGEM;RUA DOS NAVEGANTES;74;RUA HENRIQUE CAPITULINO;EDF VIRGINIA WOOLF Nº 74;RUA DOS NAVEGANTES;74;EDF VIRGINIA WOOLF Nº 74;BOA VIAGEM;;SUBURBIO;ABALROAMENTO TRANSVERSAL;HONDA HRV X COROLA;2;;;;;;;;;0;;Cruzamento;Bom;Não existe;Incompleta;Seca;Perfeito estado;Não existe;Placas Pare;;Única;Faixa seccionada;;
2020-01-15;19:31:00;COM VÍTIMA;FINALIZADA;VÁRZEA;RUA VALE DO SIRIJI;130;;ENF A FABRICA ESTUDIO ZERO;RUA VALE DO SIRIJI;130;ENF A FABRICA ESTUDIO ZERO;VÁRZEA;;SUBURBIO;ABALROAMENTO LONGITUDINAL;SANDERO X MOTO;1;1;;;;;;;;1;;Longo da via;Bom;Não existe;Incompleta;Seca;Perfeito estado;Não existe;Não há placas;;Dupla;Faixa seccionada;;
2020-01-15;19:58:00;COM VÍTIMA;CANCELADA;BOA VIAGEM;RUA WALDEMAR NERY CARNEIRO MONTEIRO;;RUA CRUZEIRO DO FORTE;E/F A ESCOLA VILA APRENDIZ;RUA WALDEMAR NERY CARNEIRO MONTEIRO;;E/F A ESCOLA VILA APRENDIZ;BOA VIAGEM;;;COLISÃO;ENTRE AUTO PASSEIO X MOTO COM VÍTIMA;1;1;;;;;;;;1;;;;;;;;;;;;;;
2020-01-15;20:09:00;SEM VÍTIMA;FINALIZADA;IMBIRIBEIRA;RUA JACI;120;AV GENERAL MAC ARTHUR;ART LED MAT ELÉTRICOS;RUA JACI;120;ART LED MAT ELÉTRICOS;IMBIRIBEIRA;;CIDADE;ABALROAMENTO LONGITUDINAL;ENTRE AUTO PASSEIO X ONIBUS S/V;1;;;;;1;;;;0;;Cruzamento;Bom;Não existe;Perfeito estado;Seca;Perfeito estado;Outros;Placas Pare;;Única;Não existe;;
2020-01-15;22:43:00;COM VÍTIMA;FINALIZADA;BOA VIAGEM;RUA RIBEIRO DE BRITO;;RUA AMALIA BERNARDINO DE SOUZA;AO LADO DA UNISSAU/ PROX AO RESTAURANTE CARCARÁ;RUA RIBEIRO DE BRITO;;AO LADO DA UNISSAU/ PROX AO RESTAURANTE CARCARÁ;BOA VIAGEM;;CIDADE;ABALROAMENTO TRANSVERSAL;ENTRE AUTO PASSEIO X MOTO COM VÍTIMA;1;1;;;;;;;;2;;Cruzamento;Bom;Não existe;Não existente;Seca;Perfeito estado;Não existe;Não há placas;;Única;Faixa seccionada;;
2020-01-15;22:45:00;SEM VÍTIMA;FINALIZADA;ILHA DO RETIRO;AV ENGENHEIRO ABDIAS DE CARVALHO;;RUA SENADOR FABIO DE BARROS;ENTRE AO POSTO IPIRANGA;AV ENGENHEIRO ABDIAS DE CARVALHO;;ENTRE AO POSTO IPIRANGA;ILHA DO RETIRO;355;SUBURBIO;ABALROAMENTO LONGITUDINAL;CELTA X AUTO;2;;;;;;;;;0;;Longo da via;Bom;Sem defeito;Perfeito estado;Seca;Perfeito estado;;Não há placas;;Única;Faixa seccionada;;
2020-01-16;05:33:00;SEM VÍTIMA;CANCELADA;BOA VIAGEM;RUA DR GILSON MACHADO GUIMARAES;;AV ENGENHEIRO DOMINGOS FERREIRA;AO LADO DOEXTRA, FAIXA DA DIREITA;RUA DR GILSON MACHADO GUIMARAES;;AO LADO DOEXTRA, FAIXA DA DIREITA;BOA VIAGEM;;380;COLISÃO;COLISÃO ENTRE DOIS CAMINHÕES S/V;;;;;;;2;;;0;;;;;;;;;;;;;;
2020-01-16;06:45:00;SEM VÍTIMA;FINALIZADA;IPUTINGA;RUA PROFESSOR JULIO OLIVEIRA;7770;AV PROFESSOR JOAQUIM CAVALCANTI;;RUA PROFESSOR JULIO OLIVEIRA;7770;;IPUTINGA;;;ABALROAMENTO LONGITUDINAL;SEM VÍTIMAS;1;;;;;1;;;;0;;;Bom;Não existe;Perfeito estado;Seca;Perfeito estado;Faixa de retenção;Placas Pare;;Única;Não existe;;
2020-01-16;08:05:00;COM VÍTIMA;FINALIZADA;BOA VIAGEM;RUA CONEGO ROMEU;637;AV MARECHAL JUAREZ TAVORA;ARMAZEM ECOSEL;RUA CONEGO ROMEU;637;ARMAZEM ECOSEL;BOA VIAGEM;;CIDADE;ABALROAMENTO LONGITUDINAL;COLISAO COM VÍTIMA. ENTRE VEICULO E MOTO;1;1;;;;;;;;1;;Longo da via;Bom;Não existe;Perfeito estado;Seca;Perfeito estado;Não existe;Não há placas;60 km/h;Dupla;Canal;;
2020-01-16;09:06:00;SEM VÍTIMA;FINALIZADA;BOA VIAGEM;RUA PETROLINA;;RUA CORONEL BENEDITO CHAVES;ANTIGO RECIFE MONTE HOTEL;RUA PETROLINA;;ANTIGO RECIFE MONTE HOTEL;BOA VIAGEM;;CIDADE;ABALROAMENTO LONGITUDINAL;COLISÃO S/VÍTIMAS ENTRE UM AUTO E UM CAMINHÃO;1;;;;;;1;;;0;;Cruzamento;Bom;Não existe;Incompleta;Seca;Perfeito estado;Não existe;Não há placas;30 km/h;Única;Não existe;;
2020-01-16;09:06:00;SEM VÍTIMA;FINALIZADA;PRADO;RUA JOAO IVO DA SILVA;;;;RUA JOAO IVO DA SILVA;;;PRADO;;SUBURBIO;ABALROAMENTO LONGITUDINAL;COLISAO S/ VÍTIMA. ENTRE VEICULO E MOTO;1;1;;;;;;;;0;;Longo da via;Bom;Não existe;Perfeito estado;Seca;Perfeito estado;Não existe;Não há placas;;Única;Não existe;;
2020-01-16;09:09:00;SEM VÍTIMA;CANCELADA;AFOGADOS;RUA ERNESTO CAVALCANTI;104;;EM FRENTE A EMPRESA COMPLACAS;RUA ERNESTO CAVALCANTI;104;EM FRENTE A EMPRESA COMPLACAS;AFOGADOS;;;COLISÃO;SEM VÍTIMAS;1;;;;;;1;;;0;;;;;;;;;;;;;;
2020-01-16;09:35:00;COM VÍTIMA;FINALIZADA;CAMPO GRANDE;RUA JERONIMO VILELA;725;;EM FRENTE AO BAR DO ZE E RESTAURANTE ESTAÇÃO DA TERRA;RUA JERONIMO VILELA;725;EM FRENTE AO BAR DO ZE E RESTAURANTE ESTAÇÃO DA TERRA;CAMPO GRANDE;341;SUBURBIO;COLISÃO COM CICLISTA;AUTO E PEDESTRE;1;;;1;;;;;;1;;Longo da via;Bom;Sem defeito;Perfeito estado;Seca;Perfeito estado;Faixa de pedestre;Outras;;Dupla;Faixa contínua;;
2020-01-16;09:43:00;COM VÍTIMA;FINALIZADA;JOANA BEZERRA;RUA MIRANDOPOLIS;;;TERMINAL DE JOANA BEZERRA. VIA DE ACESSO AO TI. EM FRENTE A LILI MODAS.;RUA MIRANDOPOLIS;;TERMINAL DE JOANA BEZERRA. VIA DE ACESSO AO TI. EM FRENTE A LILI MODAS.;JOANA BEZERRA;;CIDADE;ABALROAMENTO LONGITUDINAL;COLISAO COM VÍTIMA. ONIBUS E CARROÇADA PREFEITURA;;;;;;1;;;1;1;;Longo da via;Bom;Não existe;Perfeito estado;Seca;Perfeito estado;Não existe;R-6a;;Única;Não existe;;
2020-01-16;09:56:00;SEM VÍTIMA;FINALIZADA;CORDEIRO;AV ENGENHEIRO ABDIAS DE CARVALHO;;AV GENERAL SAN MARTIN;SOB O SEMÁFORO 058;AV ENGENHEIRO ABDIAS DE CARVALHO;;SOB O SEMÁFORO 058;CORDEIRO;58;SUBURBIO;COLISÃO FRONTAL;COLISAO S/ VÍTIMA. CARRO E MOTO;1;1;;;;;;;;0;;Longo da via;Bom;Sem defeito;Perfeito estado;Seca;Perfeito estado;Faixa de pedestre;Não há placas;;Dupla;Canteiro central;;
2020-01-16;10:10:00;SEM VÍTIMA;CANCELADA;IPSEP;AV RECIFE;2829;RUA ARISTIDES LOBO;EM FRENTE A BATERIAS HELIAR;AV RECIFE;2829;EM FRENTE A BATERIAS HELIAR;IPSEP;616;CEASA;COLISÃO;SEM VÍTIMAS;2;;;;;;;;;0;;;;;;;;;;;;;;
2020-01-16;10:20:00;SEM VÍTIMA;FINALIZADA;BONGI;AV ENGENHEIRO ABDIAS DE CARVALHO;;AV GENERAL SAN MARTIN;LADO OPOSTO FUNASE;AV ENGENHEIRO ABDIAS DE CARVALHO;;LADO OPOSTO FUNASE;BONGI;58;CIDADE;COLISÃO TRASEIRA;COLISÃO S/VÍTIMAS ENTRE DOIS AUTOS;2;;;;;;;;;0;;Cruzamento;Bom;Sem defeito;Perfeito estado;Seca;Perfeito estado;Agente;Outras;;Única;Faixa seccionada;;
2020-01-16;10:52:00;SEM VÍTIMA;FINALIZADA;TORRÕES;AV BICENTENARIO DA REVOLUCAO FRANCESA;35;;;AV BICENTENARIO DA REVOLUCAO FRANCESA;35;;TORRÕES;;SUBURBIO;COLISÃO TRASEIRA;COLISAO S/ VÍTIMA. ENTRE CARRO E MOTO;1;1;;;;;;;;0;;Longo da via;Bom;Não existe;Incompleta;Seca;Perfeito estado;Não existe;Não há placas;;Dupla;Não existe;;
2020-01-16;11:08:00;SEM VÍTIMA;FINALIZADA;MADALENA;RUA BENFICA;997;;EM FRENTE A BOSCH SERVICE;RUA BENFICA;997;EM FRENTE A BOSCH SERVICE;MADALENA;;CIDADE;ABALROAMENTO LONGITUDINAL;COLISÃO S/VÍTIMAS ENTRE DOIS AUTOS;2;;;;;;;;;0;;Longo da via;Bom;Não existe;Perfeito estado;Seca;Perfeito estado;Não existe;R-6a;;Única;Não existe;;
2020-01-16;11:39:00;SEM VÍTIMA;FINALIZADA;MADALENA;AV VISCONDE DE ALBUQUERQUE;457;RUA BARTOLOMEU DE GUSMAO;PADARIA ENGENHO MADALENA;AV VISCONDE DE ALBUQUERQUE;457;PADARIA ENGENHO MADALENA;MADALENA;;SUBURBIO;ABALROAMENTO TRANSVERSAL;COLISAO S/ VÍTIMA. DOIS VEICULOS;2;;;;;;;;;0;;Cruzamento;Bom;Não existe;Perfeito estado;Seca;Perfeito estado;Não existe;Placas Pare;;Única;Faixa contínua;Faixa seccionada;
2020-01-16;11:52:00;SEM VÍTIMA;FINALIZADA;BOMBA DO HEMETÉRIO;RUA PROFESSOR JOSE AMARINO DOS REIS;427;RUA CHA DE ALEGRIA;;RUA PROFESSOR JOSE AMARINO DOS REIS;427;;BOMBA DO HEMETÉRIO;;SUBURBIO;CHOQUE VEÍCULO PARADO;COLISÃO S/VÍTIMAS ENTRE UM ONIBUS, UM AUTO E UMA MOTO;1;1;;;;1;;;;0;;Cruzamento;Bom;Não existe;Perfeito estado;Seca;Perfeito estado;Outros;R-6a;;Dupla;Não existe;;
2020-01-16;12:39:00;COM VÍTIMA;FINALIZADA;TEJIPIÓ;AV DR JOSE RUFINO;248;;EM FRENTE AO CARTORIO DE TEJIPIO;AV DR JOSE RUFINO;248;EM FRENTE AO CARTORIO DE TEJIPIO;TEJIPIÓ;411;SUBURBIO;ABALROAMENTO TRANSVERSAL;COLISÃO COM VÍTIMA;1;1;;;;;;;;1;;Longo da via;Bom;Sem defeito;Perfeito estado;Seca;Perfeito estado;Faixa de pedestre;;;Dupla;;;
2020-01-16;13:16:00;SEM VÍTIMA;FINALIZADA;ILHA DO LEITE;RUA FRANCISCO ALVES;408;;HOSP. UNIMED - BEIRA RIO;RUA FRANCISCO ALVES;408;HOSP. UNIMED - BEIRA RIO;ILHA DO LEITE;;SUBURBIO;COLISÃO TRASEIRA;COLISÃO SEM COLISÃO;2;;;;;;;;;0;;Longo da via;Bom;Não existe;Perfeito estado;Seca;Perfeito estado;;;;Dupla;Faixa contínua;;
2020-01-16;13:36:00;SEM VÍTIMA;PENDENTE;MADALENA;RUA JOSE OSORIO;;;EM FRENTE AO RM EXPRESS;RUA JOSE OSORIO;;EM FRENTE AO RM EXPRESS;MADALENA;;;COLISÃO;COLISÃO SEM VÍTIMA;2;1;;;;;;;;0;;;;;;;;;;;;;;
2020-01-16;13:36:00;SEM VÍTIMA;FINALIZADA;BOA VIAGEM;AV BOA VIAGEM;3114;;EM FRENTE AO HOTEL JANGADEIRO;AV BOA VIAGEM;3114;EM FRENTE AO HOTEL JANGADEIRO;BOA VIAGEM;555;CIDADE;COLISÃO TRASEIRA;COLISAO SEM VÍTIMAS;2;;;;;;;;;0;;Longo da via;Bom;Sem defeito;Perfeito estado;Seca;Perfeito estado;Faixa de pedestre;Outras;;Única;Faixa contínua;Faixa seccionada;
2020-01-16;13:52:00;SEM VÍTIMA;FINALIZADA;ESTÂNCIA;RUA JOSE GOMES DE MOURA;816;;AO LADO DA CASA DO PORTA PALETES;RUA JOSE GOMES DE MOURA;816;AO LADO DA CASA DO PORTA PALETES;ESTÂNCIA;;SUBURBIO;ABALROAMENTO LONGITUDINAL;COLISÃO SEM VÍTIMA;1;;;;;1;;;;0;;Longo da via;Bom;Não existe;Incompleta;Seca;Perfeito estado;Não existe;Não há placas;;Única;Não existe;;
2020-01-16;14:31:00;SEM VÍTIMA;FINALIZADA;DERBY;AV GOVERNADOR AGAMENON MAGALHAES;;AV GOVERNADOR CARLOS DE LIMA CAVALCANTI;SEMÁFORO;AV GOVERNADOR AGAMENON MAGALHAES;;SEMÁFORO;DERBY;75;;COLISÃO TRASEIRA;COLISAO ENTRE TRES VEICULOS SEM VÍTIMAS;3;;;;;;;;;0;;Cruzamento;Bom;Sem defeito;Perfeito estado;Seca;Perfeito estado;;;60 km/h;Dupla;Canal;;
2020-01-16;15:28:00;SEM VÍTIMA;FINALIZADA;VÁRZEA;AV JOAQUIM RIBEIRO;;;UPA CAXANGÁ;AV JOAQUIM RIBEIRO;;UPA CAXANGÁ;VÁRZEA;281;SUBURBIO;ABALROAMENTO LONGITUDINAL;COLISÃO SEM VÍTIMA;2;;;;;;;;;0;;Longo da via;Bom;Sem defeito;Perfeito estado;Seca;Perfeito estado;Agente;Outras;;Dupla;Faixa contínua;Faixa seccionada;Canteiro central
2020-01-16;15:30:00;SEM VÍTIMA;FINALIZADA;ESPINHEIRO;RUA QUARENTA E OITO;97;;EM FRENTE AO Nº 97;RUA QUARENTA E OITO;97;EM FRENTE AO Nº 97;ESPINHEIRO;;;COLISÃO TRASEIRA;COLISÃO SEM VÍTIMA;2;;;;;;;;;0;;Longo da via;Bom;Não existe;Perfeito estado;Seca;Perfeito estado;Faixa de pedestre;Outras;;Única;Faixa contínua;;
2020-01-16;15:43:00;SEM VÍTIMA;FINALIZADA;;AV GOVERNADOR AGAMENON MAGALHAES;;;SOB O SEMÁFORO Nº 173, SENTIDO BOA VIAGEM;AV GOVERNADOR AGAMENON MAGALHAES;;SOB O SEMÁFORO Nº 173, SENTIDO BOA VIAGEM;;173;;COLISÃO TRASEIRA;COLISÃO SEM VÍTIMA;2;;;;;;;;;0;;Longo da via;Bom;Sem defeito;Perfeito estado;Seca;Perfeito estado;Faixa de pedestre;Não há placas;60 km/h;Dupla;Faixa contínua;;
2020-01-16;16:08:00;SEM VÍTIMA;FINALIZADA;IPUTINGA;RUA MINISTRO JOAO ALBERTO;;;AO LADO DO SHOPPING DOS COLCHÕES;RUA MINISTRO JOAO ALBERTO;;AO LADO DO SHOPPING DOS COLCHÕES;IPUTINGA;231;SUBURBIO;COLISÃO TRASEIRA;COLISÃO SEM VÍTIMA;1;;;;;1;;;;0;;Longo da via;Bom;Sem defeito;Incompleta;Seca;Perfeito estado;Faixa de pedestre;R-6a;;Única;Faixa contínua;;
2020-01-16;16:35:00;SEM VÍTIMA;FINALIZADA;BOA VIAGEM;AV CONSELHEIRO AGUIAR;4880;;EM FRENTE A GALERIA PRAIA SUL;AV CONSELHEIRO AGUIAR;4880;EM FRENTE A GALERIA PRAIA SUL;BOA VIAGEM;;CIDADE;COLISÃO TRASEIRA;COLISAO SEM VÍTIMAS;3;;;;;;;;;0;;Longo da via;Bom;Não existe;Perfeito estado;Seca;Perfeito estado;Não existe;Outras;60 km/h;Única;Faixa seccionada;;
2020-01-16;17:06:00;SEM VÍTIMA;FINALIZADA;ILHA DO LEITE;RUA SENADOR JOSE HENRIQUE;224;AV GOVERNADOR AGAMENON MAGALHAES;EM FRENTE AO RESIDENCIAL ISAAC NEWTON;RUA SENADOR JOSE HENRIQUE;224;EM FRENTE AO RESIDENCIAL ISAAC NEWTON;ILHA DO LEITE;;SUBURBIO;COLISÃO TRASEIRA;COLISÃO SEM VÍTIMA;2;;;;;;;;;0;;Longo da via;Bom;Não existe;Perfeito estado;Seca;Perfeito estado;Faixa de pedestre;R-6b;30 km/h;Única;Faixa seccionada;;
2020-01-16;17:08:00;SEM VÍTIMA;FINALIZADA;ESPINHEIRO;RUA DO ESPINHEIRO;;AV JOAO DE BARROS;;RUA DO ESPINHEIRO;;;ESPINHEIRO;89;;COLISÃO TRASEIRA;AUTO X MOTO SEM VÍTIMA;1;1;;;;;;;;0;;Longo da via;Bom;Sem defeito;Perfeito estado;Seca;Perfeito estado;Faixa de pedestre;Outras;;Única;Faixa contínua;;
2020-01-16;17:26:00;COM VÍTIMA;EQUIPE EM DESLOCAMENTO;MACAXEIRA;RUA CORONEL JOAO BATISTA DO REGO BARROS;;;EM FRENTE A ENTRADA DO PARQUE DA MACAXEIRA;RUA CORONEL JOAO BATISTA DO REGO BARROS;;EM FRENTE A ENTRADA DO PARQUE DA MACAXEIRA;MACAXEIRA;;CIDADE;ABALROAMENTO LONGITUDINAL;COLISÃO COM VÍTIMA;1;1;;;;;;;;1;;Longo da via;Bom;Não existe;Perfeito estado;Seca;Perfeito estado;Não existe;Não há placas;;Dupla;Não existe;;
2020-01-16;17:31:00;SEM VÍTIMA;FINALIZADA;AFOGADOS;RUA SAO MIGUEL;41;EST DOS REMEDIOS;VIDRAÇARIA DIAMANTE LADO OPOSTO;RUA SAO MIGUEL;41;VIDRAÇARIA DIAMANTE LADO OPOSTO;AFOGADOS;53;SUBURBIO;ABALROAMENTO LONGITUDINAL;COLISÃO SEM VÍTIMA;1;;;;;;1;;;0;;Longo da via;Bom;Sem defeito;Perfeito estado;Seca;Perfeito estado;Faixa de pedestre;Outras;;Dupla;Faixa seccionada;;
2020-01-16;18:12:00;SEM VÍTIMA;FINALIZADA;PRADO;EST DOS REMEDIOS;2056;AV ENGENHEIRO ABDIAS DE CARVALHO;BOB´S;EST DOS REMEDIOS;2056;BOB´S;PRADO;52;CIDADE;COLISÃO TRASEIRA;ONIX X PRISMA;2;;;;;;;;;0;;Longo da via;Bom;Sem defeito;Perfeito estado;Seca;Perfeito estado;Faixa de pedestre;Outras;;Única;Faixa contínua;Faixa seccionada;
2020-01-16;18:50:00;COM VÍTIMA;FINALIZADA;PINA;AVENIDA CELSO FURTADO (VIA MANGUE);;;SNT BOA VIAGEM / AO LADO DO CAMPO DA AVIAÇÃO / APÓS O RIO MAR;AVENIDA CELSO FURTADO (VIA MANGUE);;SNT BOA VIAGEM / AO LADO DO CAMPO DA AVIAÇÃO / APÓS O RIO MAR;PINA;;CIDADE;CHOQUE OBJETO FIXO;AUTO ACABOU SE CHOCANDO COM O POSTE, LOGO EM SEGUIDA SEM CONTROLE ALGUM, ACABOU COLIDINDO CONTRA O CANTEIRO. C/V.;1;;;;;;;;;1;;Longo da via;Bom;Não existe;Ilegível;Seca;Mal iluminada;Não existe;Não há placas;60 km/h;Dupla;Canteiro central;;
2020-01-16;20:23:00;SEM VÍTIMA;CANCELADA;CAMPO GRANDE;EST DE BELEM;;RUA GONCALVES DIAS;SEMÁFORO 458;EST DE BELEM;;SEMÁFORO 458;CAMPO GRANDE;;;COLISÃO;TRATOR X AUTO PASSEIO. S/V;2;;;;;;;;;0;;;;;;;;;;;;;;
2020-01-17;00:32:00;SEM VÍTIMA;FINALIZADA;BOA VIAGEM;RUA VISCONDE DE JEQUITINHONHA;;;AO LADO DO RECIFE FLAT HOTEL;RUA VISCONDE DE JEQUITINHONHA;;AO LADO DO RECIFE FLAT HOTEL;BOA VIAGEM;;SUBURBIO;CHOQUE VEÍCULO PARADO;CONDUTOR PERDEU O CONTROLE DO SEU VEÍCULO E ACABOU COLIDINDO CONTRA AUTO ESTACIONADO. S/V;2;;;;;;;;;0;;Longo da via;Bom;Não existe;Perfeito estado;Seca;Perfeito estado;Não existe;Não há placas;;Única;Faixa contínua;;
2020-01-17;00:52:00;SEM VÍTIMA;CANCELADA;TORRÕES;AV ENGENHEIRO ABDIAS DE CARVALHO;;;EM FRENTE A BLT;AV ENGENHEIRO ABDIAS DE CARVALHO;;EM FRENTE A BLT;TORRÕES;;;COLISÃO;COLISÃO ENTRE DOIS AUTOS, S/V;2;;;;;;;;;0;;;;;;;;;;;;;;
2020-01-17;01:01:00;SEM VÍTIMA;FINALIZADA;PINA;AV CONSELHEIRO AGUIAR;;RUA PEREIRA DA COSTA;;AV CONSELHEIRO AGUIAR;;;PINA;140;CIDADE;ABALROAMENTO TRANSVERSAL;ENTRE 2 AUTOS. S/V;2;;;;;;;;;0;;Cruzamento;Bom;Intermitente;Perfeito estado;Seca;Perfeito estado;Faixa de pedestre;;;Única;Faixa seccionada;;
2020-01-17;01:36:00;SEM VÍTIMA;FINALIZADA;SANTO AMARO;AV CRUZ CABUGA;;RUA DOS CASADOS;;AV CRUZ CABUGA;;;SANTO AMARO;202;CIDADE;COLISÃO TRASEIRA;ENTRE 2 AUTOS. S/V;2;;;;;;;;;0;;Cruzamento;Bom;Sem defeito;Perfeito estado;Seca;Perfeito estado;Faixa de retenção;Não há placas;60 km/h;Dupla;Faixa contínua;;
2020-01-17;02:26:00;SEM VÍTIMA;FINALIZADA;BOA VIAGEM;RUA PROFESSOR AUGUSTO LINS E SILVA;481;;ED. FLÁVIA HELENA;RUA PROFESSOR AUGUSTO LINS E SILVA;481;ED. FLÁVIA HELENA;BOA VIAGEM;;CIDADE;COLISÃO TRASEIRA;ENTRE 6 AUTOS. S/V;6;;;;;;;;;0;;Longo da via;Bom;Não existe;Perfeito estado;Seca;Perfeito estado;Não existe;Outras;;Dupla;Não existe;;
2020-01-17;07:18:00;COM VÍTIMA;FINALIZADA;COELHOS;RUA DOS COELHOS;361;;ANTIGA MATERNIDADE OSCA COTINHO. EM FRENTE AO IMIP;RUA DOS COELHOS;361;ANTIGA MATERNIDADE OSCA COTINHO. EM FRENTE AO IMIP;COELHOS;359;CIDADE;ATROPELAMENTO;ATROPELAMENTOCOM VÍTIMA/ VEICULO E PEDESTRE.;1;;;;1;;;;;1;;Longo da via;Bom;Sem defeito;Perfeito estado;Seca;;Faixa de pedestre;Outras;;Dupla;Faixa contínua;;
2020-01-17;08:35:00;COM VÍTIMA;FINALIZADA;BOA VIAGEM;RUA RIBEIRO DE BRITO;458;RUA PROFESSOR JOAO MEDEIROS;TIDELLI;RUA RIBEIRO DE BRITO;458;TIDELLI;BOA VIAGEM;332;CIDADE;ABALROAMENTO LONGITUDINAL;COLISAO COM VÍTIMA. ENTRE MOTO E VEICULO;1;1;;;;;;;;1;;Cruzamento;Bom;Sem defeito;Perfeito estado;Seca;Perfeito estado;Faixa de pedestre;Outras;40 km/h;Única;Faixa contínua;Faixa seccionada;
2020-01-17;10:08:00;SEM VÍTIMA;FINALIZADA;PINA;AV ANTONIO DE GOES;720;;SOB O SEMÁFORO 103;AV ANTONIO DE GOES;720;SOB O SEMÁFORO 103;PINA;103;CIDADE;COLISÃO TRASEIRA;COLISAO SEM/ VÍTIMA E A OUTRA PARTE SE EVADIU DO LOCAL APOS DISCUTIR COM AGENTE DE TRANSITO. PONTO FIXO: ALEXANDRA;2;;;;;;;;;0;;Longo da via;Bom;Sem defeito;Perfeito estado;Seca;Perfeito estado;Agente;;60 km/h;;Faixa contínua;;