data;hora;natureza_acidente;situacao;bairro;endereco;numero;detalhe_endereco_acidente;complemento;endereco_cruzamento;numero_cruzamento;referencia_cruzamento;bairro_cruzamento;num_semaforo;sentido_via;tipo;descricao;auto;moto;ciclom;ciclista;pedestre;onibus;caminhao;viatura;outros;vitimas;vitimasfatais;acidente_verificado;tempo_clima;situacao_semaforo;sinalizacao;condicao_via;conservacao_via;ponto_controle;situacao_placa;velocidade_max_via;mao_direcao;divisao_via1;divisao_via2;divisao_via3
2020-01-21;09:45:00;COM VÍTIMA;FINALIZADA;IPSEP;RUA ITACARI;369;RUA CACHOEIRA;VAGNER JOSE GAS NATURAL;RUA ITACARI;369;VAGNER JOSE GAS NATURAL;IPSEP;;SUBURBIO;ABALROAMENTO TRANSVERSAL;COLISAO COM VÍTIMA. ENTRE VEICULO E MOTO;1;1;;;;;;;;1;;Cruzamento;Bom;Não existe;Incompleta;Seca;Perfeito estado;Não existe;Não há placas;30 km/h;Única;Faixa seccionada;;
2020-01-21;10:04:00;SEM VÍTIMA;FINALIZADA;GRAÇAS;RUA AMELIA;372;;GRAÇAS CENTER;RUA AMELIA;372;GRAÇAS CENTER;GRAÇAS;177;CIDADE;COLISÃO TRASEIRA;COLISÃO S/VÍTIMAS ENTRE DOIS AUTOS;2;;;;;;;;;0;;Longo da via;Bom;Sem defeito;Perfeito estado;Seca;Perfeito estado;Faixa de pedestre;R-6a;40 km/h;Única;Faixa contínua;;
2020-01-21;10:24:00;SEM VÍTIMA;FINALIZADA;BOA VIAGEM;AV CONSELHEIRO AGUIAR;1748;;EM FRENTE AO EMPRESARIAL ITALO BRASIL RENDA;AV CONSELHEIRO AGUIAR;1748;EM FRENTE AO EMPRESARIAL ITALO BRASIL RENDA;BOA VIAGEM;;CIDADE;ABALROAMENTO LONGITUDINAL;AUTO E CAMINHÃO;1;;;;;;1;;;0;;Longo da via;Bom;Não existe;Perfeito estado;Seca;Perfeito estado;Não existe;Não há placas;60 km/h;Única;Faixa seccionada;;
2020-01-21;12:20:00;SEM VÍTIMA;FINALIZADA;BOA VIAGEM;AV HERCULANO BANDEIRA;949;;EM FRENTE A JBS;AV HERCULANO BANDEIRA;949;EM FRENTE A JBS;BOA VIAGEM;;SUBURBIO;COLISÃO TRASEIRA;ENTRE TRÊS AUTOS S/V;3;;;;;;;;;0;;Longo da via;Bom;Sem defeito;Perfeito estado;Seca;Perfeito estado;Agente;Não há placas;60 km/h;Única;Faixa seccionada;;
2020-01-21;12:36:00;SEM VÍTIMA;FINALIZADA;ÁGUA FRIA;AV BEBERIBE;;;EM FRENTE A LOJA MI;AV BEBERIBE;;EM FRENTE A LOJA MI;ÁGUA FRIA;405;;ABALROAMENTO LONGITUDINAL;COLISÃO SEM VÍTIMA;1;;;;;;1;;;0;;Longo da via;Bom;Sem defeito;Perfeito estado;Seca;Perfeito estado;Não existe;;;Única;Não existe;;
2020-01-21;12:56:00;SEM VÍTIMA;FINALIZADA;ARRUDA;RUA DAS MOCAS;859;RUA ZEFERINO AGRA;CACULE COMEDORIA;RUA DAS MOCAS;859;CACULE COMEDORIA;ARRUDA;;SUBURBIO;ABALROAMENTO TRANSVERSAL;ENTRE DOIS AUTOS S/V;2;;;;;;;;;0;;Cruzamento;Bom;Não existe;Perfeito estado;Seca;Perfeito estado;Faixa de pedestre;Placas Pare;30 km/h;Dupla;Faixa seccionada;;
2020-01-21;13:33:00;SEM VÍTIMA;FINALIZADA;MADALENA;RUA RODOLFO RANGEL MOREIRA;48;;PRÓX. PONTO TÁXI;RUA RODOLFO RANGEL MOREIRA;48;PRÓX. PONTO TÁXI;MADALENA;;;COLISÃO TRASEIRA;COLISÃO SEM VÍTIMA;3;;;;;;;;;0;;Longo da via;Bom;Não existe;Não existente;Seca;;Não existe;Outras;;Única;Não existe;;
2020-01-21;13:40:00;SEM VÍTIMA;FINALIZADA;BOA VIAGEM;RUA PROFESSOR ARNALDO CARNEIRO LEAO;;RUA PADRE CARAPUCEIRO;;RUA PROFESSOR ARNALDO CARNEIRO LEAO;;;BOA VIAGEM;321;SUBURBIO;ABALROAMENTO LONGITUDINAL;COLISÃO SEM VÍTIMA;1;1;;;;;;;;0;;Cruzamento;Bom;Sem defeito;Perfeito estado;Seca;Perfeito estado;Faixa de pedestre;R-6a;60 km/h;Única;Faixa contínua;Faixa seccionada;
2020-01-21;14:11:00;SEM VÍTIMA;CANCELADA;IMBIRIBEIRA;AV MARECHAL MASCARENHAS DE MORAES;2671;;EM FRENTE AO CENTER AÇO/ SENTIDO CIDADE;AV MARECHAL MASCARENHAS DE MORAES;2671;EM FRENTE AO CENTER AÇO/ SENTIDO CIDADE;IMBIRIBEIRA;;;COLISÃO;COLISÃO SEM VÍTIMA;2;;;;;;;;;0;;;;;;;;;;;;;;
2020-01-21;15:49:00;COM VÍTIMA;FINALIZADA;IPUTINGA;AV MAURICIO DE NASSAU;;RUA PEREIRA COUTINHO FILHO;APOS O GOE/ PROX A LOMBADA ELETRONICO;AV MAURICIO DE NASSAU;;APOS O GOE/ PROX A LOMBADA ELETRONICO;IPUTINGA;;SUBURBIO;ABALROAMENTO TRANSVERSAL;ENTRE AUTO PASSEIO X MOTO COM VÍTIMA;1;1;;;;;;;;1;;Cruzamento;Bom;Não existe;Incompleta;Seca;Perfeito estado;Não existe;Não há placas;;Dupla;Faixa contínua;;
2020-01-21;15:59:00;SEM VÍTIMA;FINALIZADA;BOA VISTA;RUA DOM BOSCO;;AV GOVERNADOR CARLOS DE LIMA CAVALCANTI;POSTO BR;RUA DOM BOSCO;;POSTO BR;BOA VISTA;27;SUBURBIO;ABALROAMENTO LONGITUDINAL;ENTRE DUAS MOTOS COM VÍTIMA;;2;;;;;;;;0;;Longo da via;Bom;Sem defeito;Perfeito estado;Seca;Perfeito estado;Faixa de pedestre;Não há placas;;Única;;;
2020-01-21;16:02:00;COM VÍTIMA;FINALIZADA;ILHA JOANA BEZERRA;VDO PAPA JOAO PAULO II;;;EM FRENTE AO FORUM JOANA BEZERRA;VDO PAPA JOAO PAULO II;;EM FRENTE AO FORUM JOANA BEZERRA;ILHA JOANA BEZERRA;;CIDADE;ABALROAMENTO LONGITUDINAL;COLISAO ENTRE AUTO E MOTO COM VÍTIMA;1;1;;;;;;;;1;;Viaduto;Bom;Não existe;Perfeito estado;Seca;Perfeito estado;Não existe;Não há placas;;Dupla;Faixa seccionada;Canteiro central;Blocos
2020-01-21;16:12:00;SEM VÍTIMA;FINALIZADA;BOA VISTA;RUA AURORA;;PTE PRINCESA IZABEL;NA DESCIDA DA PONTE;RUA AURORA;;NA DESCIDA DA PONTE;BOA VISTA;;;COLISÃO;COLISÃO SEM VÍTIMA;2;;;;;;;;;0;;;;;;;;;;;;;;
2020-01-21;16:16:00;SEM VÍTIMA;FINALIZADA;IMBIRIBEIRA;AV ANTONIO TORRES GALVAO;284;;;AV ANTONIO TORRES GALVAO;284;;IMBIRIBEIRA;543;;COLISÃO TRASEIRA;TRES AUTOS S/V;3;;;;;;;;;0;;Longo da via;Bom;Sem defeito;Perfeito estado;Seca;Perfeito estado;Faixa de pedestre;Não há placas;60 km/h;Única;Faixa contínua;;
2020-01-21;16:23:00;SEM VÍTIMA;FINALIZADA;IPUTINGA;EST DO BARBALHO;;;BIG BOMPREÇO;EST DO BARBALHO;;BIG BOMPREÇO;IPUTINGA;533;;ABALROAMENTO LONGITUDINAL;COLISÃO SEM VÍTIMA;2;;;;;;;;;0;;Longo da via;Bom;Sem defeito;Perfeito estado;Seca;Perfeito estado;Faixa de pedestre;Não há placas;;Única;Não existe;;
2020-01-21;18:07:00;SEM VÍTIMA;FINALIZADA;BOA VIAGEM;AV BOA VIAGEM;5802;;;AV BOA VIAGEM;5802;;BOA VIAGEM;445;CIDADE;ABALROAMENTO LONGITUDINAL;COLISAO SEM VÍTIMAS;2;;;;;;;;;0;;Longo da via;Bom;Sem defeito;Perfeito estado;Seca;Perfeito estado;Não existe;Não há placas;60 km/h;Única;Faixa seccionada;;
2020-01-21;18:10:00;VÍTIMA FATAL;FINALIZADA;CAMPO GRANDE;AV CORREIA DE BRITO;;AV PROFESSOR JOSE DOS ANJOS;PROX AO POSTO DE GASOLINA DISLUB;AV CORREIA DE BRITO;;PROX AO POSTO DE GASOLINA DISLUB;CAMPO GRANDE;563;;ABALROAMENTO TRANSVERSAL;COLISAO COM VÍTIMAS;;1;;;;;1;;;1;1;Esquina;Bom;Sem defeito;Perfeito estado;Seca;Perfeito estado;;Outras;;Dupla;Não existe;;
2020-01-21;18:59:00;SEM VÍTIMA;FINALIZADA;VÁRZEA;AV CAXANGA;;;BRT CAPIBARIBE DE FRONTE AO POSTO SHELL;AV CAXANGA;;BRT CAPIBARIBE DE FRONTE AO POSTO SHELL;VÁRZEA;;SUBURBIO;ABALROAMENTO LONGITUDINAL;COLISAO SEM VITMAS;1;;;;;;1;;;0;;Longo da via;Bom;Não existe;Perfeito estado;Seca;Perfeito estado;Não existe;Outras;;Única;Canteiro central;;
2020-01-21;19:00:00;SEM VÍTIMA;FINALIZADA;AFOGADOS;RUA NICOLAU PEREIRA;;RUA IMPERIAL;;RUA NICOLAU PEREIRA;;;AFOGADOS;73;SUBURBIO;ABALROAMENTO LONGITUDINAL;HYUNDAI CRETA X VOYAGE;2;;;;;;;;;0;;Cruzamento;Bom;Sem defeito;Perfeito estado;Seca;Perfeito estado;Não existe;Não há placas;;Única;Faixa seccionada;;
2020-01-21;19:19:00;SEM VÍTIMA;FINALIZADA;ENGENHO DO MEIO;RUA GOVERNADOR LOPO GARRO;;RUA MANOEL CORTE REAL;;RUA GOVERNADOR LOPO GARRO;;;ENGENHO DO MEIO;;CIDADE;ABALROAMENTO TRANSVERSAL;COLISAO SEM VITMAS;2;;;;;;;;;0;;Cruzamento;Bom;Não existe;Incompleta;Seca;Perfeito estado;Não existe;Não há placas;;Dupla;Não existe;;
2020-01-21;20:13:00;COM VÍTIMA;FINALIZADA;ENCRUZILHADA;AV NORTE;;AV JOAO DE BARROS;ENF AO SANTANDER;AV NORTE;;ENF AO SANTANDER;ENCRUZILHADA;43;SUBURBIO;ABALROAMENTO TRANSVERSAL;VOYAGE X PCX MOTO;1;1;;;;;;;;1;;Cruzamento;Bom;Sem defeito;Perfeito estado;Seca;Perfeito estado;Agente;;40 km/h;Única;Não existe;;
2020-01-21;20:18:00;SEM VÍTIMA;FINALIZADA;TAMARINEIRA;RUA CONEGO BARATA;420;;;RUA CONEGO BARATA;420;;TAMARINEIRA;;SUBURBIO;COLISÃO TRASEIRA;PRISMA X ONIX;2;;;;;;;;;0;;Longo da via;Chuvoso;Não existe;Perfeito estado;Molhada;Perfeito estado;Não existe;Não há placas;;Dupla;Canteiro central;;
2020-01-21;20:53:00;SEM VÍTIMA;FINALIZADA;BOA VIAGEM;RUA RIBEIRO DE BRITO;;;EM FRENTE AO SEMÁFORO 496;RUA RIBEIRO DE BRITO;;EM FRENTE AO SEMÁFORO 496;BOA VIAGEM;496;CIDADE;ABALROAMENTO LONGITUDINAL;COLISAO SEM VÍTIMAS;1;1;;;;;;;;0;;Longo da via;Bom;Sem defeito;Perfeito estado;Seca;Perfeito estado;Não existe;Não há placas;;Única;Faixa seccionada;;
2020-01-21;21:52:00;SEM VÍTIMA;FINALIZADA;SANTO AMARO;AV GOVERNADOR AGAMENON MAGALHAES;;;FRENTE AO COLÉGIO AMERICANO BATISTA;AV GOVERNADOR AGAMENON MAGALHAES;;FRENTE AO COLÉGIO AMERICANO BATISTA;SANTO AMARO;37;SUBURBIO;ABALROAMENTO LONGITUDINAL;COLISAO SEM VÍTIMAS;1;;;;;;1;;;0;;Longo da via;Bom;Sem defeito;Perfeito estado;Seca;Perfeito estado;Faixa de pedestre;Outras;60 km/h;Dupla;Canteiro central;;
2020-01-21;22:25:00;SEM VÍTIMA;FINALIZADA;IPSEP;AV RECIFE;;;EM FRENTE AO SEMÁFORO 016;AV RECIFE;;EM FRENTE AO SEMÁFORO 016;IPSEP;16;CIDADE;COLISÃO TRASEIRA;COLISAO SEM VÍTIMAS;3;;;;;;;;;0;;Longo da via;Bom;Sem defeito;Perfeito estado;Seca;Perfeito estado;Não existe;Não há placas;;Dupla;Faixa contínua;;
2020-01-22;07:39:00;SEM VÍTIMA;FINALIZADA;SANTO AMARO;AV GOVERNADOR AGAMENON MAGALHAES;;;EM FRENTE A ECOESTAÇÃO AGAMENON;AV GOVERNADOR AGAMENON MAGALHAES;;EM FRENTE A ECOESTAÇÃO AGAMENON;SANTO AMARO;;;COLISÃO TRASEIRA;SEM VÍTIMAS;3;;;;;;;;;0;;Longo da via;Bom;Não existe;Perfeito estado;Molhada;Perfeito estado;Não existe;Não há placas;60 km/h;Dupla;Faixa seccionada;;
2020-01-22;07:58:00;SEM VÍTIMA;FINALIZADA;IMBIRIBEIRA;AV MARECHAL MASCARENHAS DE MORAES;;;CHEVROLET TAMBAI;AV MARECHAL MASCARENHAS DE MORAES;;CHEVROLET TAMBAI;IMBIRIBEIRA;439;CIDADE;COLISÃO TRASEIRA;ENGAVETAMENTO ENTRE QUATRO VEICULOS. SEM VÍTIMA;4;;;;;;;;;0;;Longo da via;Chuvoso;Sem defeito;Perfeito estado;Molhada;Perfeito estado;Faixa de pedestre;Não há placas;60 km/h;Única;Faixa seccionada;;
2020-01-22;08:02:00;SEM VÍTIMA;FINALIZADA;SANTO AMARO;AV NORTE;;;SOBRE A PONTE DO LIMOEIRO;AV NORTE;;SOBRE A PONTE DO LIMOEIRO;SANTO AMARO;;CIDADE;COLISÃO TRASEIRA;COLISÃO S/VÍTIMAS ENTRE DOIS AUTOS;2;;;;;;;;;0;;Ponte;Chuvoso;Não existe;Perfeito estado;Molhada;Perfeito estado;Não existe;Não há placas;;Dupla;Faixa contínua;;
2020-01-22;08:20:00;SEM VÍTIMA;FINALIZADA;SANTO AMARO;RUA DOS PALMARES;;;EM FRENTE AO RM EXPRESS;RUA DOS PALMARES;;EM FRENTE AO RM EXPRESS;SANTO AMARO;;CIDADE;ABALROAMENTO LONGITUDINAL;COLISÃO S/VÍTIMAS ENTRE VEICULO E CAMINHAO;1;;;;;;1;;;0;;Longo da via;Chuvoso;Não existe;Perfeito estado;Molhada;Perfeito estado;Não existe;Outras;;Dupla;Faixa seccionada;Canteiro central;
2020-01-22;08:31:00;SEM VÍTIMA;FINALIZADA;SAN MARTIN;AV GENERAL SAN MARTIN;2066;;;AV GENERAL SAN MARTIN;2066;;SAN MARTIN;;SUBURBIO;COLISÃO TRASEIRA;COLISAO S/ VÍTIMA. ENTRE DOIS VEICULOS;2;;;;;;;;;0;;Longo da via;Bom;Não existe;Perfeito estado;Seca;Perfeito estado;Não existe;Outras;;Dupla;Faixa contínua;;
2020-01-22;08:56:00;SEM VÍTIMA;FINALIZADA;AFOGADOS;RUA VINTE E UM DE ABRIL;;;PRÓXIMO AO RESTAURANTE ARRETADO DE BOM;RUA VINTE E UM DE ABRIL;;PRÓXIMO AO RESTAURANTE ARRETADO DE BOM;AFOGADOS;;SUBURBIO;ABALROAMENTO LONGITUDINAL;COLISAO S/ VÍTIMA. ENTRE DOIS VEICULOS;2;;;;;;;;;0;;Longo da via;Bom;Não existe;Perfeito estado;Seca;Perfeito estado;;Outras;;Dupla;Faixa seccionada;;
2020-01-22;09:19:00;COM VÍTIMA;CANCELADA;ILHA DO RETIRO;RUA SPORT CLUBE DO RECIFE;;;EM FRENTE A LOJA DO SPORT;RUA SPORT CLUBE DO RECIFE;;EM FRENTE A LOJA DO SPORT;ILHA DO RETIRO;;SUBURBIO;COLISÃO;COM UMA VÍTIMA AGUARDANDO SAMU;1;1;;;;;;;;1;;;;;;;;;;;;;;
2020-01-22;09:20:00;SEM VÍTIMA;FINALIZADA;SANTO ANTÔNIO;RUA DO SOL;283;AV GUARARAPES;;RUA DO SOL;283;;SANTO ANTÔNIO;14;;ABALROAMENTO LONGITUDINAL;COLISÃO S/VÍTIMAS ENTRE DOIS AUTOS;2;;;;;;;;;0;;Cruzamento;Bom;Sem defeito;Perfeito estado;Seca;Perfeito estado;Faixa de pedestre;Não há placas;;Única;Faixa seccionada;;
2020-01-22;09:25:00;SEM VÍTIMA;CANCELADA;CORDEIRO;RUA ELIZEU CAVALCANTE;58;;RUA DO RETORNO /DA AV CAXANGA P/AV GENERAL SAM MARTIN;RUA ELIZEU CAVALCANTE;58;RUA DO RETORNO /DA AV CAXANGA P/AV GENERAL SAM MARTIN;CORDEIRO;;;COLISÃO;SEM VÍTIMAS;1;;;;;;1;;;0;;;;;;;;;;;;;;
2020-01-22;09:41:00;SEM VÍTIMA;FINALIZADA;IMBIRIBEIRA;RUA ANTONIO CARDOSO DA FONTE;483;RUA BARAO HOMEM DE MELO;;RUA ANTONIO CARDOSO DA FONTE;483;;IMBIRIBEIRA;;;ABALROAMENTO LONGITUDINAL;SEM VÍTIMAS;1;;;;;;1;;;0;;Longo da via;Bom;Não existe;Não existente;Molhada;Mal conservada;Não existe;Não há placas;;Dupla;Não existe;;
2020-01-22;09:52:00;COM VÍTIMA;FINALIZADA;AFOGADOS;RUA VINTE E UM DE ABRIL;851;;E/F AO RECANTO 21 SELF SERVICE;RUA VINTE E UM DE ABRIL;851;E/F AO RECANTO 21 SELF SERVICE;AFOGADOS;;SUBURBIO;ABALROAMENTO LONGITUDINAL;COLISÃO C/VÍTIMAS ENTRE UMA MOT E UM AUTO;1;1;;;;;;;;2;;Longo da via;Bom;Não existe;Não existente;Seca;Perfeito estado;Não existe;Não há placas;;Dupla;Não existe;;
2020-01-22;09:59:00;SEM VÍTIMA;CANCELADA;MADALENA;RUA BENFICA;;;CLUBE INTERNACIONAL;RUA BENFICA;;CLUBE INTERNACIONAL;MADALENA;;;COLISÃO;COLISAO S/ VÍTIMA. ENTRE DOIS VEICULOS.;2;;;;;;;;;0;;;;;;;;;;;;;;
2020-01-22;10:06:00;SEM VÍTIMA;FINALIZADA;MACAXEIRA;AV NORTE;7536;;;AV NORTE;7536;;MACAXEIRA;424;SUBURBIO;COLISÃO TRASEIRA;SEM VÍTIMAS;2;;;;;;;;;0;;Longo da via;Bom;Sem defeito;Perfeito estado;Seca;Perfeito estado;Faixa de pedestre;;;Única;Faixa seccionada;;
2020-01-22;11:33:00;SEM VÍTIMA;FINALIZADA;IPUTINGA;AV CAXANGA;;;E/F A SOPRANOR;AV CAXANGA;;E/F A SOPRANOR;IPUTINGA;;CIDADE;COLISÃO;COLISÃO S/VÍTIMAS ENTRE DOIS AUTOS;2;;;;;;;;;0;;;;;;;;;;;;;;
2020-01-22;11:33:00;SEM VÍTIMA;FINALIZADA;BOA VISTA;AV GOVERNADOR AGAMENON MAGALHAES;2291;RUA HENRIQUE DIAS;HOSPITAL MEMORIAL SÃO JOSÉ;AV GOVERNADOR AGAMENON MAGALHAES;2291;HOSPITAL MEMORIAL SÃO JOSÉ;BOA VISTA;68;;COLISÃO TRASEIRA;ONIBUS E AUTO PONTO FIXO;1;;;;;1;;;;0;;Longo da via;Bom;Sem defeito;Perfeito estado;Seca;Perfeito estado;Agente;;60 km/h;Dupla;Canal;;
2020-01-22;11:37:00;SEM VÍTIMA;FINALIZADA;GRAÇAS;RUA DOM BOSCO;;AV GOVERNADOR AGAMENON MAGALHAES;SOB O SEMÁFORO 174;RUA DOM BOSCO;;SOB O SEMÁFORO 174;GRAÇAS;174;SUBURBIO;ABALROAMENTO LONGITUDINAL;COLISÃO S/VÍTIMAS ENTRE DOIS AUTOS;2;;;;;;;;;0;;Cruzamento;Bom;Sem defeito;Perfeito estado;Seca;Perfeito estado;Agente;Outras;60 km/h;Única;Não existe;;
2020-01-22;11:40:00;SEM VÍTIMA;FINALIZADA;BOA VIAGEM;RUA CORONEL SERGIO HENRIQUE CARDIM;;;AO LADO DORESTAURANTE CHICA PITANGA;RUA CORONEL SERGIO HENRIQUE CARDIM;;AO LADO DORESTAURANTE CHICA PITANGA;BOA VIAGEM;;SUBURBIO;CHOQUE VEÍCULO PARADO;AUTO E CAMINHÃO;1;;;;;;1;;;0;;Longo da via;Bom;Não existe;Não existente;Seca;Perfeito estado;Não existe;Não há placas;;Única;Não existe;;
2020-01-22;12:17:00;SEM VÍTIMA;FINALIZADA;CASA FORTE;AV DEZESSETE DE AGOSTO;;RUA SAMUEL FARIAS;ESQUINA DAS RUAS;AV DEZESSETE DE AGOSTO;;ESQUINA DAS RUAS;CASA FORTE;;;ABALROAMENTO LONGITUDINAL;COLISÃO SEM VÍTIMA;2;;;;;;;;;0;;;Bom;Não existe;Perfeito estado;Seca;Perfeito estado;Não existe;;;Dupla;;;
2020-01-22;12:47:00;SEM VÍTIMA;CANCELADA;CORDEIRO;AV CAXANGA;;;E/F A SEMINOVOS LOCALIZA;AV CAXANGA;;E/F A SEMINOVOS LOCALIZA;CORDEIRO;;;COLISÃO;COLISAO SEM VÍTIMAS;2;;;;;;;;;0;;;;;;;;;;;;;;
2020-01-22;13:13:00;SEM VÍTIMA;FINALIZADA;BOMBA DO HEMETÉRIO;RUA BOMBA DO HEMETERIO;163;;;RUA BOMBA DO HEMETERIO;163;;BOMBA DO HEMETÉRIO;;SUBURBIO;ABALROAMENTO LONGITUDINAL;COLISÃO SEM VÍTIMA;1;;;;;1;;;;0;;Longo da via;Bom;Não existe;Perfeito estado;Seca;Perfeito estado;Outros;Outras;;Dupla;Faixa seccionada;;
2020-01-22;14:04:00;COM VÍTIMA;FINALIZADA;BOA VIAGEM;AV ENGENHEIRO DOMINGOS FERREIRA;3340;RUA FAUSTINO PORTO;APOS A PARADA DO CARREFOUR. EXTRAFARMA;AV ENGENHEIRO DOMINGOS FERREIRA;3340;APOS A PARADA DO CARREFOUR. EXTRAFARMA;BOA VIAGEM;;SUBURBIO;ABALROAMENTO TRANSVERSAL;COM VÍTIMA;1;;;;;1;;;;2;;Longo da via;Bom;Não existe;Perfeito estado;Seca;Perfeito estado;Não existe;R-6a;;Única;Faixa seccionada;;
2020-01-22;14:11:00;SEM VÍTIMA;FINALIZADA;BOA VISTA;RUA DAS NINFAS;;;EM FRENTE AO SEMÁFORO083;RUA DAS NINFAS;;EM FRENTE AO SEMÁFORO083;BOA VISTA;83;SUBURBIO;ABALROAMENTO LONGITUDINAL;COLISÃO SEM VÍTIMA;2;;;;;;;;;0;;Longo da via;Bom;Sem defeito;Perfeito estado;Seca;Perfeito estado;Faixa de pedestre;Outras;;Dupla;Faixa contínua;Faixa seccionada;
2020-01-22;14:24:00;SEM VÍTIMA;FINALIZADA;BOA VISTA;RUA DO RIACHUELO;425;;EM FRENTE AO Nº 425;RUA DO RIACHUELO;425;EM FRENTE AO Nº 425;BOA VISTA;92;CIDADE;COLISÃO TRASEIRA;COLISAO SEM VÍTIMAS;4;;;;;;;;;0;;Longo da via;Bom;Sem defeito;Perfeito estado;Seca;Perfeito estado;Faixa de pedestre;R-6a;;Única;Não existe;;
2020-01-22;14:26:00;COM VÍTIMA;FINALIZADA;MADALENA;RUA MONSENHOR JULIO MARIA;127;;PROX. O TUNEL DA ABOLIÇÃO E A GALERIA CAMPOLINA CENTER;RUA MONSENHOR JULIO MARIA;127;PROX. O TUNEL DA ABOLIÇÃO E A GALERIA CAMPOLINA CENTER;MADALENA;;ABDIAS DE CARVALHO;ABALROAMENTO LONGITUDINAL;COLISÃO COM VÍTIMA;1;1;;;;;;;;1;;Longo da via;Bom;Não existe;Perfeito estado;Seca;Perfeito estado;;;;Única;Não existe;;
2020-01-22;15:41:00;SEM VÍTIMA;CANCELADA;ÁGUA FRIA;AV BEBERIBE;;RUA CORONEL URBANO RIBEIRO DE SENA;ESTAR NO CRUZAMENTO MESMO;AV BEBERIBE;;ESTAR NO CRUZAMENTO MESMO;ÁGUA FRIA;307;;COLISÃO;COLISAO SEM VÍTIMAS;1;;;;;1;;;;0;;;;;;;;;;;;;;
2020-01-22;16:08:00;COM VÍTIMA;FINALIZADA;CABANGA;AV SATURNINO DE BRITO;;;AO LADO DA COMPESA. NA SUBIDA DO VIADUTO DO PINA.;AV SATURNINO DE BRITO;;AO LADO DA COMPESA. NA SUBIDA DO VIADUTO DO PINA.;CABANGA;;SUBURBIO;COLISÃO TRASEIRA;AUTO E MOTO COM VÍTIMA;1;1;;;;;;;;1;;Longo da via;Bom;Não existe;Perfeito estado;Seca;Perfeito estado;;Não há placas;30 km/h;Única;Faixa contínua;;
2020-01-22;16:22:00;SEM VÍTIMA;FINALIZADA;TEJIPIÓ;AV DR JOSE RUFINO;3694;;POSTE DE ILUMINAÇÃO Nº H 033924;AV DR JOSE RUFINO;3694;POSTE DE ILUMINAÇÃO Nº H 033924;TEJIPIÓ;;CIDADE;COLISÃO TRASEIRA;COLISAO SEM VITMAS;2;;;;;;;;;0;;Longo da via;Bom;Não existe;Perfeito estado;Seca;Perfeito estado;Não existe;Outras;;Dupla;Faixa contínua;Faixa seccionada;
2020-01-22;16:36:00;SEM VÍTIMA;FINALIZADA;VÁRZEA;PRC PINTO DAMASO;;;LADO OPOSTO AO Nº 2005;PRC PINTO DAMASO;;LADO OPOSTO AO Nº 2005;VÁRZEA;;SUBURBIO;ABALROAMENTO TRANSVERSAL;COLISÃO SEM VÍTIMA;2;;;;;;;;;0;;Longo da via;Bom;Não existe;Não existente;Seca;Mal conservada;Não existe;Não há placas;;Única;Não existe;;
2020-01-22;16:44:00;COM VÍTIMA;FINALIZADA;SÃO JOSÉ;PRC DAS CINCO PONTAS;;;SUBIDA DO VIADUTO CINCO PONTAS;PRC DAS CINCO PONTAS;;SUBIDA DO VIADUTO CINCO PONTAS;SÃO JOSÉ;;SUBURBIO;CHOQUE OBJETO FIXO;;;1;;;;;;;;1;;Longo da via;Bom;Não existe;Perfeito estado;Seca;Perfeito estado;Não existe;R-4b;;Dupla;Canteiro central;;
2020-01-22;18:02:00;SEM VÍTIMA;FINALIZADA;BOA VIAGEM;RUA BARAO DE SOUZA LEAO;1544;;IMPERIO DOS PAES;RUA BARAO DE SOUZA LEAO;1544;IMPERIO DOS PAES;BOA VIAGEM;;SUBURBIO;ABALROAMENTO LONGITUDINAL;GOL X MOTO;1;1;;;;;;;;0;;Longo da via;Bom;Não existe;Perfeito estado;Seca;Perfeito estado;Não existe;Não há placas;30 km/h;Única;Faixa seccionada;;
2020-01-22;18:20:00;SEM VÍTIMA;FINALIZADA;IMBIRIBEIRA;RUA ITAJAI;501;RUA ITACARE;PRÓX A FERREIRA COSTA E ESPAÇO ABERTO;RUA ITAJAI;501;PRÓX A FERREIRA COSTA E ESPAÇO ABERTO;IMBIRIBEIRA;;;CHOQUE OBJETO FIXO;CAMINHÃO SE CHOCOU CONTRA O POSTE, CAUSANDO A QUEDA DO MESMO. O POSTE ESTA OCUPANDO A VIA INTEIRA E O VEÍCULO SE EVADIU DO LOCAL.;;;;;;;1;;;0;;;;;;;;;;;;;;