data;hora;natureza_acidente;situacao;bairro;endereco;numero;detalhe_endereco_acidente;complemento;endereco_cruzamento;numero_cruzamento;referencia_cruzamento;bairro_cruzamento;num_semaforo;sentido_via;tipo;descricao;auto;moto;ciclom;ciclista;pedestre;onibus;caminhao;viatura;outros;vitimas;vitimasfatais;acidente_verificado;tempo_clima;situacao_semaforo;sinalizacao;condicao_via;conservacao_via;ponto_controle;situacao_placa;velocidade_max_via;mao_direcao;divisao_via1;divisao_via2;divisao_via3
2020-01-28;17:59:00;SEM VÍTIMA;FINALIZADA;TORRE;RUA PROFESSOR TRAJANO DE MENDONCA;;;EM FRENTE AO ATACADAO DE PRESENTES;RUA PROFESSOR TRAJANO DE MENDONCA;;EM FRENTE AO ATACADAO DE PRESENTES;TORRE;;CIDADE;ABALROAMENTO LONGITUDINAL;CAMINHAO HR X HB20;1;;;;;;1;;;0;;Longo da via;Bom;Não existe;Perfeito estado;Seca;Perfeito estado;Não existe;R-6a;;Única;Faixa contínua;Faixa seccionada;
2020-01-28;18:43:00;SEM VÍTIMA;FINALIZADA;AFOGADOS;AV SUL;;RUA NICOLAU PEREIRA;;AV SUL;;;AFOGADOS;;CIDADE;ABALROAMENTO LONGITUDINAL;ENTRE 2 AUTOS.S/V;2;;;;;;;;;0;;Longo da via;Bom;Não existe;Perfeito estado;Seca;Perfeito estado;Não existe;Não há placas;;Única;Faixa contínua;;
2020-01-28;19:01:00;COM VÍTIMA;FINALIZADA;AREIAS;AV RECIFE;580;AV TAPAJOS;PROX AO POSTO BR SENTIDO BOA VIAGEM;AV RECIFE;580;PROX AO POSTO BR SENTIDO BOA VIAGEM;AREIAS;620;CIDADE;ABALROAMENTO LONGITUDINAL;MOTO X FIAT MOBI;1;1;;;;;;;;1;;Longo da via;Bom;Sem defeito;Perfeito estado;Seca;Perfeito estado;Faixa de pedestre;R-4a;;Dupla;Canteiro central;;
2020-01-28;19:49:00;SEM VÍTIMA;FINALIZADA;SANTO AMARO;AV CRUZ CABUGA;;RUA FREI CASSIMIRO;CASA DA INDUSTRIA;AV CRUZ CABUGA;;CASA DA INDUSTRIA;SANTO AMARO;;SUBURBIO;ABALROAMENTO LONGITUDINAL;;1;;;;;1;;;;0;;Cruzamento;Bom;Não existe;Perfeito estado;Seca;Perfeito estado;Faixa de pedestre;R-25b;;Dupla;Faixa contínua;;
2020-01-28;20:01:00;SEM VÍTIMA;FINALIZADA;BOA VIAGEM;RUA ERNESTO DE PAULA SANTOS;1235;;EM FRENTE A FARMÁCIA PAGUE MENOS;RUA ERNESTO DE PAULA SANTOS;1235;EM FRENTE A FARMÁCIA PAGUE MENOS;BOA VIAGEM;;SUBURBIO;ABALROAMENTO LONGITUDINAL;ENTRE AUTO E MOTO. S/V;1;1;;;;;;;;0;;Longo da via;Bom;Não existe;Ilegível;Seca;Mal iluminada;Não existe;Não há placas;;Única;Faixa seccionada;;
2020-01-28;21:02:00;SEM VÍTIMA;FINALIZADA;CORDEIRO;AV MAURICIO DE NASSAU;;;AO LADO DO HABITACIONAL DO CORDEIRO;AV MAURICIO DE NASSAU;;AO LADO DO HABITACIONAL DO CORDEIRO;CORDEIRO;;SUBURBIO;CHOQUE VEÍCULO PARADO;ENTRE VTS . S/V;2;;;;;;;;;0;;Longo da via;Bom;Não existe;Ilegível;Seca;Perfeito estado;Não existe;Não há placas;;Dupla;Não existe;;
2020-01-28;23:52:00;SEM VÍTIMA;FINALIZADA;IMBIRIBEIRA;AV SUL;;;ESTAÇÃO TANCREDO NEVES;AV SUL;;ESTAÇÃO TANCREDO NEVES;IMBIRIBEIRA;;SUBURBIO;COLISÃO TRASEIRA;ENTRE 2 AUTOS. S/V;2;;;;;;;;;0;;Longo da via;Bom;Não existe;Perfeito estado;Seca;Mal iluminada;Não existe;Outras;;Única;Faixa seccionada;;
2020-01-29;06:38:00;SEM VÍTIMA;FINALIZADA;SANTO AMARO;AV CRUZ CABUGA;;;SOB O SEMÁFORO;AV CRUZ CABUGA;;SOB O SEMÁFORO;SANTO AMARO;470;CIDADE;ABALROAMENTO LONGITUDINAL;DOIS AUTOS;2;;;;;;;;;0;;Longo da via;Bom;Sem defeito;Perfeito estado;Seca;Perfeito estado;Não existe;Outras;;Dupla;Faixa seccionada;;
2020-01-29;07:10:00;COM VÍTIMA;CANCELADA;BOA VIAGEM;RUA VISCONDE DE JEQUITINHONHA;;RUA BRUNO VELOSO;PARADA 2 SHOPPING RECIFE;RUA VISCONDE DE JEQUITINHONHA;;PARADA 2 SHOPPING RECIFE;BOA VIAGEM;;;COLISÃO COM CICLISTA;ONIBUS E CICLISTA;;;;1;;;;;;1;;;;;;;;;;;;;;
2020-01-29;08:00:00;COM VÍTIMA;FINALIZADA;BOA VIAGEM;RUA RIBEIRO DE BRITO;1326;RUA AMALIA BERNARDINO DE SOUZA;AO LADO DA UNINASSAU;RUA RIBEIRO DE BRITO;1326;AO LADO DA UNINASSAU;BOA VIAGEM;;SUBURBIO;ABALROAMENTO TRANSVERSAL;DUAS MOTOS ;;2;;;;;;;;3;;Cruzamento;Bom;Não existe;Perfeito estado;Seca;Perfeito estado;Não existe;Não há placas;;Única;Faixa seccionada;;
2020-01-29;08:14:00;SEM VÍTIMA;FINALIZADA;BOA VIAGEM;AV ENGENHEIRO DOMINGOS FERREIRA;;RUA PADRE CARAPUCEIRO;FARMÁCIA FTB;AV ENGENHEIRO DOMINGOS FERREIRA;;FARMÁCIA FTB;BOA VIAGEM;216;SUBURBIO;ABALROAMENTO LONGITUDINAL;COLISAO S/ VÍTIMA. UM AUTO PASSEIO E UM ONIBUS DA EMPRESA BORBOREMA;1;;;;;1;;;;0;;Longo da via;Bom;Sem defeito;Perfeito estado;Seca;Perfeito estado;Faixa de pedestre;Não há placas;60 km/h;Única;Faixa contínua;;
2020-01-29;08:33:00;SEM VÍTIMA;FINALIZADA;TORRE;RUA CONDE DE IRAJA;;RUA REAL DA TORRE;;RUA CONDE DE IRAJA;;;TORRE;106;;ABALROAMENTO LONGITUDINAL;COLISAO S/ VÍTIMA. ENTRE DOIS VEICULOS PASSEIOS;2;;;;;;;;;0;;Cruzamento;Bom;Sem defeito;;Seca;Perfeito estado;Faixa de pedestre;Outras;40 km/h;Única;Faixa contínua;Faixa seccionada;
2020-01-29;08:53:00;SEM VÍTIMA;FINALIZADA;PINA;AV CONSELHEIRO AGUIAR;165;;EM FRENTE A IGREJA PRESBITERIANA DO PINA;AV CONSELHEIRO AGUIAR;165;EM FRENTE A IGREJA PRESBITERIANA DO PINA;PINA;;CIDADE;ABALROAMENTO LONGITUDINAL;SEM VÍTIMAS /CTTU NO LOCAL ;1;;;;;1;;;1;0;;Longo da via;Bom;Não existe;Perfeito estado;Seca;Perfeito estado;;Não há placas;60 km/h;Única;Faixa seccionada;;
2020-01-29;08:55:00;COM VÍTIMA;FINALIZADA;BOA VIAGEM;RUA SETUBAL;;;LADO OPOSTO A FLORICULTURA ALBANETE FLORES;RUA SETUBAL;;LADO OPOSTO A FLORICULTURA ALBANETE FLORES;BOA VIAGEM;;CIDADE;ABALROAMENTO LONGITUDINAL;AUTOE MOTO;1;1;;;;;;;;1;;Longo da via;Bom;Não existe;Não existente;Seca;Perfeito estado;Não existe;Não há placas;;Única;Não existe;;
2020-01-29;09:18:00;;;MADALENA;RUA REAL DA TORRE;;RUA ANTONIO VIEIRA;TOP CITI AO LADO;RUA REAL DA TORRE;;TOP CITI AO LADO;MADALENA;;;COLISÃO;;;;;;;;;;;;;;;;;;;;;;;;;
2020-01-29;09:28:00;SEM VÍTIMA;DUPLICIDADE;IMBIRIBEIRA;AV MARECHAL MASCARENHAS DE MORAES;6211;;EM FRENTE A FOCO ALUGUEL DE VEICULOS / EM FRENTE A JUSTIÇA FEDERAL / SENT PRAZERES;AV MARECHAL MASCARENHAS DE MORAES;6211;EM FRENTE A FOCO ALUGUEL DE VEICULOS / EM FRENTE A JUSTIÇA FEDERAL / SENT PRAZERES;IMBIRIBEIRA;;;COLISÃO;TRES AUTOS;3;;;;;;;;;0;;;;;;;;;;;;;;
2020-01-29;09:36:00;SEM VÍTIMA;FINALIZADA;AREIAS;AV RECIFE;204;;MESTRE BATERIAS;AV RECIFE;204;MESTRE BATERIAS;AREIAS;;;COLISÃO TRASEIRA;DOIS AUTOS;2;;;;;;;;;0;;Longo da via;Bom;Não existe;Incompleta;Seca;Perfeito estado;Não existe;Não há placas;60 km/h;Dupla;Canteiro central;;
2020-01-29;09:39:00;SEM VÍTIMA;FINALIZADA;IMBIRIBEIRA;AV MARECHAL MASCARENHAS DE MORAES;;;EM FRENTE A HOME CENTER TUPAN;AV MARECHAL MASCARENHAS DE MORAES;;EM FRENTE A HOME CENTER TUPAN;IMBIRIBEIRA;;CIDADE;ABALROAMENTO LONGITUDINAL;COLISAO S/ VÍTIMA. ENTRE DOIS VEICULOS PASSEIO;2;;;;;;;;;0;;Longo da via;Bom;Não existe;Perfeito estado;Seca;Perfeito estado;Não existe;R-6a;60 km/h;Dupla;Faixa seccionada;Canteiro central;
2020-01-29;09:40:00;COM VÍTIMA;FINALIZADA;BOA VIAGEM;AV MARECHAL MASCARENHAS DE MORAES;6133;;EM FRENTE A LOCADORA FOCO. NO MURO DO AEROPORTO.;AV MARECHAL MASCARENHAS DE MORAES;6133;EM FRENTE A LOCADORA FOCO. NO MURO DO AEROPORTO.;BOA VIAGEM;;SUBURBIO;COLISÃO TRASEIRA;COLISÃO COM VÍTIMAS;3;;;;;;;;;1;;Longo da via;Bom;Não existe;Perfeito estado;Seca;Perfeito estado;Não existe;Não há placas;60 km/h;Dupla;Canteiro central;;
2020-01-29;10:05:00;SEM VÍTIMA;FINALIZADA;GRAÇAS;AV RUI BARBOSA;320;;EM FRENTE AO TRIBUNAL REGIONAL ELEITORAL ( ANEXO DJACI FALCÃO );AV RUI BARBOSA;320;EM FRENTE AO TRIBUNAL REGIONAL ELEITORAL ( ANEXO DJACI FALCÃO );GRAÇAS;;CIDADE;COLISÃO TRASEIRA;SEM VÍTIMAS;2;;;;;;;;;0;;Longo da via;Bom;Sem defeito;Perfeito estado;Seca;Perfeito estado;Não existe;Não há placas;60 km/h;Única;Faixa seccionada;;
2020-01-29;10:18:00;COM VÍTIMA;FINALIZADA;IPUTINGA;AV CAXANGA;4251;;EM FRENTE A CAXANGA VEICULOS;AV CAXANGA;4251;EM FRENTE A CAXANGA VEICULOS;IPUTINGA;270;CIDADE;COLISÃO TRASEIRA;COLISAO COM VÍTIMA. ENTRE VEICULO, ONIBUS E MOTO.;2;1;;;;1;;;;1;;Longo da via;Bom;Sem defeito;Perfeito estado;Seca;Perfeito estado;Faixa de pedestre;Outras;60 km/h;Única;Faixa seccionada;;
2020-01-29;11:02:00;SEM VÍTIMA;FINALIZADA;BAIRRO DO RECIFE;AV ALFREDO LISBOA;;;EM FRENTE AO MARCO PERNAMBUCANO DA MODA;AV ALFREDO LISBOA;;EM FRENTE AO MARCO PERNAMBUCANO DA MODA;BAIRRO DO RECIFE;;;ABALROAMENTO LONGITUDINAL;MOTO E AUTO;1;1;;;;;;;;0;;Longo da via;Bom;Não existe;Perfeito estado;Seca;Perfeito estado;Não existe;;;Única;Faixa seccionada;;
2020-01-29;11:11:00;SEM VÍTIMA;FINALIZADA;AREIAS;AV RECIFE;204;;FILA FRIO EQUIPAMENTOS;AV RECIFE;204;FILA FRIO EQUIPAMENTOS;AREIAS;621;;COLISÃO TRASEIRA;;3;;;;;;;;;0;;Longo da via;Bom;Sem defeito;Ilegível;Seca;Perfeito estado;Faixa de pedestre;Não há placas;;Dupla;Canteiro central;;
2020-01-29;11:14:00;SEM VÍTIMA;FINALIZADA;ESTÂNCIA;AV TAPAJOS;93;RUA MEARIM;BAR DA SULA;AV TAPAJOS;93;BAR DA SULA;ESTÂNCIA;620;;ABALROAMENTO TRANSVERSAL;SEM VÍTIMAS;2;;;;;;;;;0;;;Bom;Sem defeito;Incompleta;Seca;Perfeito estado;Não existe;Outras;;Dupla;Não existe;;
2020-01-29;11:17:00;SEM VÍTIMA;FINALIZADA;ILHA DO RETIRO;AV ENGENHEIRO ABDIAS DE CARVALHO;;;EM FRENTE AO SEMÁFORO Nº 052;AV ENGENHEIRO ABDIAS DE CARVALHO;;EM FRENTE AO SEMÁFORO Nº 052;ILHA DO RETIRO;52;CIDADE;COLISÃO TRASEIRA;;2;;;;;;;;;0;;Longo da via;Bom;Sem defeito;Perfeito estado;Seca;Perfeito estado;Faixa de retenção;Não há placas;;Dupla;Canteiro central;;
2020-01-29;11:32:00;SEM VÍTIMA;FINALIZADA;CORDEIRO;AV ENGENHEIRO ABDIAS DE CARVALHO;;;EM FRENTE AO SEM. Nº 058;AV ENGENHEIRO ABDIAS DE CARVALHO;;EM FRENTE AO SEM. Nº 058;CORDEIRO;58;SUBURBIO;ABALROAMENTO LONGITUDINAL;SEM VÍTIMAS;1;;;;;;1;;;0;;Longo da via;Bom;Sem defeito;Perfeito estado;Seca;Perfeito estado;Faixa de pedestre;R-5a;;Dupla;Canteiro central;;
2020-01-29;12:07:00;SEM VÍTIMA;CANCELADA;VÁRZEA;AV AFONSO OLINDENSE;690;;EM FRENTE A CLINICA ATIKA CENTRO DE FISIOTERAPIA;AV AFONSO OLINDENSE;690;EM FRENTE A CLINICA ATIKA CENTRO DE FISIOTERAPIA;VÁRZEA;;;COLISÃO;COLISÃO SEM VÍTIMA;1;1;;;;;;;;0;;;;;;;;;;;;;;
2020-01-29;12:14:00;COM VÍTIMA;FINALIZADA;ESPINHEIRO;AV GOVERNADOR AGAMENON MAGALHAES;;RUA DR LEOPOLDO LINS;EM FRENTE A CAIXA ECONOMICA/ SENTIDO OLINDA;AV GOVERNADOR AGAMENON MAGALHAES;;EM FRENTE A CAIXA ECONOMICA/ SENTIDO OLINDA;ESPINHEIRO;78;SUBURBIO;COLISÃO COM CICLISTA;COLISÃO COM DOIS AUTOS E UM CICLISTA COM VÍTIMA;2;;;1;;;;;;1;;Cruzamento;Bom;Sem defeito;Perfeito estado;Seca;Perfeito estado;Faixa de pedestre;Outras;;Dupla;Canteiro central;;
2020-01-29;12:17:00;SEM VÍTIMA;FINALIZADA;MADALENA;RUA REAL DA TORRE;;RUA JOSE OSORIO;;RUA REAL DA TORRE;;;MADALENA;179;;COLISÃO TRASEIRA;COLISÃO SEM VÍTIMA;;1;;;;;1;;;0;;Cruzamento;Bom;Sem defeito;Perfeito estado;Seca;Perfeito estado;Faixa de pedestre;R-6a;60 km/h;Única;Faixa seccionada;;
2020-01-29;12:50:00;COM VÍTIMA;FINALIZADA;TEJIPIÓ;RUA ITANHENGA;65;;E/F A DELEGACIA DE CAPTURAS;RUA ITANHENGA;65;E/F A DELEGACIA DE CAPTURAS;TEJIPIÓ;;CIDADE;CHOQUE OBJETO FIXO;AUTO COLIDIU COM GELO BAIANO;1;;;;;;;;;1;;Longo da via;Bom;Não existe;Perfeito estado;Seca;Perfeito estado;Não existe;R-6a;;Dupla;Faixa contínua;;
2020-01-29;13:24:00;SEM VÍTIMA;FINALIZADA;BOA VIAGEM;AV CONSELHEIRO AGUIAR;4200;RUA RIBEIRO DE BRITO;EDIFICIO HOLIDAY;AV CONSELHEIRO AGUIAR;4200;EDIFICIO HOLIDAY;BOA VIAGEM;147;CIDADE;COLISÃO FRONTAL;COLISÃO SEM VÍTIMA;2;;;;;;;;;0;;Cruzamento;Bom;Sem defeito;Perfeito estado;Seca;Perfeito estado;Faixa de pedestre;Não há placas;60 km/h;Única;Faixa seccionada;;
2020-01-29;14:10:00;SEM VÍTIMA;FINALIZADA;IPUTINGA;RUA DR VIRGINIO MARQUES;135;;RESIDENCIAL MORADA DOS RIOS;RUA DR VIRGINIO MARQUES;135;RESIDENCIAL MORADA DOS RIOS;IPUTINGA;;CIDADE;CHOQUE VEÍCULO PARADO;COLISAO SEM VÍTIMAS;1;;;;;;1;;;0;;Longo da via;Bom;Não existe;Perfeito estado;Seca;Perfeito estado;Não existe;Não há placas;;Dupla;Não existe;;
2020-01-29;14:21:00;SEM VÍTIMA;FINALIZADA;PINA;AV ANTONIO DE GOES;64;;EM FRENTE AO TROCÃO;AV ANTONIO DE GOES;64;EM FRENTE AO TROCÃO;PINA;;CIDADE;COLISÃO TRASEIRA;COLISÃO SEM VÍTIMA;2;;;;;;;;;0;;Longo da via;Bom;Não existe;Perfeito estado;Seca;Perfeito estado;Não existe;;60 km/h;Dupla;Faixa contínua;Faixa seccionada;
2020-01-29;15:47:00;SEM VÍTIMA;FINALIZADA;TORRÕES;EST DO FORTE DO ARRAIAL N. DO B. JESUS;707;RUA GOMES TABORDA;MAGÁ SUSHI BAR E TEMAKERIA;EST DO FORTE DO ARRAIAL N. DO B. JESUS;707;MAGÁ SUSHI BAR E TEMAKERIA;TORRÕES;249;;COLISÃO FRONTAL;COLISÃO SEM VÍTIMA;2;;;;;;;;;0;;Cruzamento;Bom;Sem defeito;Perfeito estado;Seca;Perfeito estado;Faixa de pedestre;Não há placas;;Dupla;Faixa contínua;;
2020-01-29;16:08:00;SEM VÍTIMA;FINALIZADA;PARNAMIRIM;RUA TITO ROSAS;152;;E/F AO EDF QUARTZ VILAGE;RUA TITO ROSAS;152;E/F AO EDF QUARTZ VILAGE;PARNAMIRIM;;SUBURBIO;COLISÃO TRASEIRA;COLISAO SEM VÍTIMAS;2;;;;;;;;;0;;Longo da via;Bom;Não existe;Perfeito estado;Seca;Perfeito estado;Não existe;R-6a;;Única;Faixa seccionada;;
2020-01-29;17:22:00;SEM VÍTIMA;FINALIZADA;IBURA;LAD DA COHAB;70;;PRÓXIMO AO MOTEL;LAD DA COHAB;70;PRÓXIMO AO MOTEL;IBURA;;CIDADE;COLISÃO TRASEIRA;COLISÃO SEM VÍTIMA;1;;;;;1;;;;0;;Longo da via;Bom;Não existe;Não existente;Seca;Perfeito estado;Não existe;Não há placas;;Dupla;Faixa contínua;;
2020-01-29;17:25:00;SEM VÍTIMA;CANCELADA;ROSARINHO;RUA TELES JUNIOR;132;RUA DES MARTINS PEREIRA;RESTAURANTE FERNANDOS;RUA TELES JUNIOR;132;RESTAURANTE FERNANDOS;ROSARINHO;;;COLISÃO;COLISÃO SEM VÍTIMA;1;1;;;;;;;;0;;;;;;;;;;;;;;
2020-01-29;17:40:00;SEM VÍTIMA;CANCELADA;ILHA DO LEITE;AV GOVERNADOR AGAMENON MAGALHAES;;;E/F AO BANCO ITAU E AO LADO DO BANCO SAFRA;AV GOVERNADOR AGAMENON MAGALHAES;;E/F AO BANCO ITAU E AO LADO DO BANCO SAFRA;ILHA DO LEITE;;;COLISÃO;COLISÃO SEM VÍTIMA;1;1;;;;;;;;0;;;;;;;;;;;;;;
2020-01-29;17:41:00;SEM VÍTIMA;FINALIZADA;MADALENA;RUA LOPES DE CARVALHO;400;AV VISCONDE DE ALBUQUERQUE;LADO OP. AO MADALENA CENTER;RUA LOPES DE CARVALHO;400;LADO OP. AO MADALENA CENTER;MADALENA;;SUBURBIO;ABALROAMENTO TRANSVERSAL;COLISÃO SEM VÍTIMA;1;1;;;;;;;;0;;Longo da via;Bom;Não existe;Perfeito estado;Seca;Perfeito estado;;Outras;;Única;Faixa seccionada;;
2020-01-29;17:55:00;SEM VÍTIMA;FINALIZADA;ILHA DO LEITE;RUA ESTADO DE ISRAEL;228;;HOTEL OTHON;RUA ESTADO DE ISRAEL;228;HOTEL OTHON;ILHA DO LEITE;;SUBURBIO;ABALROAMENTO LONGITUDINAL;COLISAO SEM VÍTIMAS;2;;;;;;;;;0;;Longo da via;Bom;Não existe;Perfeito estado;Seca;Perfeito estado;;;;Única;Faixa seccionada;;
2020-01-29;18:02:00;SEM VÍTIMA;FINALIZADA;AFOGADOS;RUA SANTO CRISTO;342;;PROX A PETRO ISA;RUA SANTO CRISTO;342;PROX A PETRO ISA;AFOGADOS;;;COLISÃO;COLISAO SEM VÍTIMAS;2;;;;;;;;;0;;;;;;;;;;;;;;
2020-01-29;18:26:00;COM VÍTIMA;FINALIZADA;CASA AMARELA;EST DO ARRAIAL;430;RUA DA HARMONIA;;EST DO ARRAIAL;430;;CASA AMARELA;74;;ABALROAMENTO TRANSVERSAL;CAMINHÃO E MOTO;;1;;;;;1;;;1;;Cruzamento;Bom;Sem defeito;Perfeito estado;Seca;Perfeito estado;Faixa de pedestre;Outras;40 km/h;Dupla;Faixa contínua;Faixa seccionada;
2020-01-29;18:40:00;SEM VÍTIMA;FINALIZADA;BOA VIAGEM;AV ENGENHEIRO DOMINGOS FERREIRA;;;EM FRENTE A FARMÁCIA DROGASIL;AV ENGENHEIRO DOMINGOS FERREIRA;;EM FRENTE A FARMÁCIA DROGASIL;BOA VIAGEM;338;SUBURBIO;COLISÃO TRASEIRA;ENTRE 2 AUTOS. S/V;2;;;;;;;;;0;;Longo da via;Bom;Sem defeito;Perfeito estado;Seca;Perfeito estado;Faixa de pedestre;Não há placas;60 km/h;Dupla;Faixa contínua;;
2020-01-29;18:44:00;SEM VÍTIMA;FINALIZADA;SANTO AMARO;RUA ENGENHO TAQUARA;88;;EM FRENTE AO Nº 88;RUA ENGENHO TAQUARA;88;EM FRENTE AO Nº 88;SANTO AMARO;;SUBURBIO;CHOQUE VEÍCULO PARADO;AUTO ESTACIONADO FOI COLIDIDO POR VEÍCULO NO LOCAL. S.V;2;;;;;;;;;0;;Longo da via;Bom;Não existe;Não existente;Seca;Perfeito estado;Não existe;Não há placas;;Dupla;Não existe;;
2020-01-29;19:07:00;SEM VÍTIMA;FINALIZADA;AREIAS;RUA BARROS SOBRINHO;;RUA MANOEL RODRIGUES PORTO;;RUA BARROS SOBRINHO;;;AREIAS;;;ABALROAMENTO TRANSVERSAL;ENTRE 2 AUTOS. S/V;2;;;;;;;;;0;;Cruzamento;Bom;Não existe;Não existente;Seca;Mal conservada;Não existe;Não há placas;;Única;Não existe;;
2020-01-29;20:34:00;SEM VÍTIMA;CANCELADA;BOA VIAGEM;RUA AGENOR LOPES;;;NA ENTRADA DO SHOPPING RECIFE / ESUINA DO POSTO BR;RUA AGENOR LOPES;;NA ENTRADA DO SHOPPING RECIFE / ESUINA DO POSTO BR;BOA VIAGEM;;;COLISÃO;ENTRE 2 AUTOS. S/V;2;;;;;;;;;0;;;;;;;;;;;;;;
2020-01-29;21:54:00;SEM VÍTIMA;CANCELADA;BOA VIAGEM;RUA BALTAZAR PASSOS;;RUA SA E SOUZA;E/F A GALERIA NATIVA;RUA BALTAZAR PASSOS;;E/F A GALERIA NATIVA;BOA VIAGEM;;;COLISÃO;ENTRE 2 AUTOS. S/V;2;;;;;;;;;0;;;;;;;;;;;;;;
2020-01-30;00:49:00;SEM VÍTIMA;FINALIZADA;IMBIRIBEIRA;RUA PINTOR LULA CARDOSO AYRES;4689;RUA ARCELINA DE OLIVEIRA;;RUA PINTOR LULA CARDOSO AYRES;4689;;IMBIRIBEIRA;;CIDADE;CHOQUE VEÍCULO PARADO;COLISÃO ENTRE DOIS AUTOS S/V;2;;;;;;;;;0;;;Bom;Não existe;Não existente;Seca;Perfeito estado;Não existe;Não há placas;;Dupla;Não existe;;
2020-01-30;02:52:00;SEM VÍTIMA;FINALIZADA;AFOGADOS;AV SUL;;;EM FRENTE AO TRT 6º REGIÃO DO CANTEIRO CENTRAL;AV SUL;;EM FRENTE AO TRT 6º REGIÃO DO CANTEIRO CENTRAL;AFOGADOS;;CIDADE;CHOQUE OBJETO FIXO;VEÍCULO CHOCOU-SE CONTRA UM POSTE;1;;;;;;;;;0;;Longo da via;Bom;Não existe;Não existente;Seca;Perfeito estado;Não existe;Não há placas;;Única;Faixa seccionada;;
2020-01-30;07:06:00;SEM VÍTIMA;CANCELADA;TORRÕES;RUA EPAMINONDAS CRISTOVAO DE OLIVEIRA;;AV ENGENHEIRO ABDIAS DE CARVALHO;AO LADO DO RESTAURANTE YOKI;RUA EPAMINONDAS CRISTOVAO DE OLIVEIRA;;AO LADO DO RESTAURANTE YOKI;TORRÕES;;SUBURBIO;COLISÃO;SEM VÍTIMAS;2;;;;;;;;;0;;;;;;;;;;;;;;
2020-01-30;07:38:00;SEM VÍTIMA;FINALIZADA;IMBIRIBEIRA;AV MARECHAL MASCARENHAS DE MORAES;3214;RUA MURITIBA;CASAS BAHIA;AV MARECHAL MASCARENHAS DE MORAES;3214;CASAS BAHIA;IMBIRIBEIRA;385;SUBURBIO;COLISÃO TRASEIRA;SEM VÍTIMAS;2;;;;;;;;;0;;Cruzamento;Bom;Sem defeito;Perfeito estado;Seca;Perfeito estado;Faixa de retenção;Não há placas;60 km/h;;Faixa contínua;;
2020-01-30;07:39:00;COM VÍTIMA;FINALIZADA;AFOGADOS;AV SUL;1950;RUA DOUTOR LEONIDAS CRAVO GAMA;EM FRENTE AO ATACAREJO MILANO, SENT. CIDADE;AV SUL;1950;EM FRENTE AO ATACAREJO MILANO, SENT. CIDADE;AFOGADOS;320;CIDADE;ABALROAMENTO LONGITUDINAL;MOTO E AUTO;1;1;;;;;;;;2;;Longo da via;Bom;Sem defeito;Perfeito estado;Seca;Perfeito estado;Faixa de retenção;R-6a;60 km/h;Única;Faixa;;
2020-01-30;07:55:00;SEM VÍTIMA;FINALIZADA;IMBIRIBEIRA;AV MARECHAL MASCARENHAS DE MORAES;;;EM FRENTE A GRAN VIA FORD;AV MARECHAL MASCARENHAS DE MORAES;;EM FRENTE A GRAN VIA FORD;IMBIRIBEIRA;;CIDADE;COLISÃO TRASEIRA;SEM VÍTIMAS;2;;;;;;;;;0;;Longo da via;Bom;Não existe;Perfeito estado;Seca;Perfeito estado;Não existe;;60 km/h;Dupla;Faixa contínua;Faixa seccionada;Canteiro central
2020-01-30;08:16:00;SEM VÍTIMA;FINALIZADA;CORDEIRO;AV CAXANGA;;;TERMINAL INTEGRADO CAXANGÁ III GETULIO VARGAS( EM FRENTE);AV CAXANGA;;TERMINAL INTEGRADO CAXANGÁ III GETULIO VARGAS( EM FRENTE);CORDEIRO;;CIDADE;COLISÃO TRASEIRA;SEM VÍTIMAS/CTTU NO LOCAL ;2;;;;;;;;;0;;Longo da via;Bom;Sem defeito;Perfeito estado;Seca;Perfeito estado;;;;Dupla;Canteiro central;;
2020-01-30;08:31:00;SEM VÍTIMA;FINALIZADA;CASA FORTE;AV DEZESSETE DE AGOSTO;1780;;;AV DEZESSETE DE AGOSTO;1780;;CASA FORTE;;SUBURBIO;ABALROAMENTO LONGITUDINAL;SEM VÍTIMAS/CTTU NO LOCAL;2;;;;;;;;;0;;Longo da via;Bom;Não existe;Perfeito estado;Seca;Perfeito estado;Não existe;R-6a;;Dupla;Faixa seccionada;;
2020-01-30;08:35:00;SEM VÍTIMA;FINALIZADA;IMBIRIBEIRA;AV GENERAL MAC ARTHUR;;;AO LADO DA GRAFICA LAFITTE;AV GENERAL MAC ARTHUR;;AO LADO DA GRAFICA LAFITTE;IMBIRIBEIRA;;;ABALROAMENTO LONGITUDINAL;DOIS AUTOS;2;;;;;;;;;0;;Longo da via;Bom;Não existe;Perfeito estado;Seca;Perfeito estado;Não existe;Placas Dê a preferência;40 km/h;Única;Faixa seccionada;;