data;hora;natureza_acidente;situacao;bairro;endereco;numero;detalhe_endereco_acidente;complemento;endereco_cruzamento;numero_cruzamento;referencia_cruzamento;bairro_cruzamento;num_semaforo;sentido_via;tipo;descricao;auto;moto;ciclom;ciclista;pedestre;onibus;caminhao;viatura;outros;vitimas;vitimasfatais;acidente_verificado;tempo_clima;situacao_semaforo;sinalizacao;condicao_via;conservacao_via;ponto_controle;situacao_placa;velocidade_max_via;mao_direcao;divisao_via1;divisao_via2;divisao_via3
2020-01-30;08:42:00;COM VÍTIMA;FINALIZADA;GUABIRABA;EST DOS MACACOS;10 B;;APOS O POSTO DE SAUDE DE VILA ARITANA;EST DOS MACACOS;10 B;APOS O POSTO DE SAUDE DE VILA ARITANA;GUABIRABA;;SUBURBIO;ABALROAMENTO LONGITUDINAL;MOTO E AUTO;1;1;;;;;;;;1;;Longo da via;Bom;Não existe;Não existente;Seca;Mal conservada;Não existe;Não há placas;30 km/h;Dupla;Não existe;;
2020-01-30;09:08:00;SEM VÍTIMA;FINALIZADA;GRAÇAS;RUA AMELIA;;AV CONS ROSA E SILVA;LADO OPOSTO ED. COSTA AZEVEDO;RUA AMELIA;;LADO OPOSTO ED. COSTA AZEVEDO;GRAÇAS;46;CIDADE;COLISÃO TRASEIRA;SEM VÍTIMAS;2;;;;;;;;;0;;Cruzamento;Chuvoso;Sem defeito;Perfeito estado;Seca;Perfeito estado;Faixa de pedestre;R-6a;40 km/h;Única;Faixa contínua;;
2020-01-30;09:36:00;SEM VÍTIMA;FINALIZADA;SANTO ANTÔNIO;RUA DA PRAIA;;TRV DO ARSENAL DE GUERRA;;RUA DA PRAIA;;;SANTO ANTÔNIO;;;ABALROAMENTO LONGITUDINAL;SEM VÍTIMAS;1;;;;;1;;;;0;;Cruzamento;Bom;Não existe;Perfeito estado;Seca;Perfeito estado;Faixa de pedestre;Outras;;Única;Não existe;;
2020-01-30;10:46:00;SEM VÍTIMA;FINALIZADA;AFOGADOS;AV SUL;;;E/F A POLICLINA DE AFOGADOS;AV SUL;;E/F A POLICLINA DE AFOGADOS;AFOGADOS;;CIDADE;ABALROAMENTO LONGITUDINAL;COLISÃO S/VÍTIMAS ENTRE UM AUTO E UM CAMINHÃO;1;;;;;;1;;;0;;Longo da via;Bom;Não existe;;Seca;;Não existe;;;Única;Faixa seccionada;;
2020-01-30;11:48:00;SEM VÍTIMA;FINALIZADA;BOA VIAGEM;RUA ERNESTO DE PAULA SANTOS;;AV FERNANDO SIMOES BARBOSA;POSTO SHELL;RUA ERNESTO DE PAULA SANTOS;;POSTO SHELL;BOA VIAGEM;329;;ABALROAMENTO LONGITUDINAL;DOIS AUTOS;2;;;;;;;;;0;;Longo da via;Bom;Sem defeito;Perfeito estado;Seca;Perfeito estado;Faixa de pedestre;Não há placas;60 km/h;Única;Faixa contínua;;
2020-01-30;12:37:00;COM VÍTIMA;CANCELADA;ENGENHO DO MEIO;RUA ANTONIO CURADO;;AV MUCIO UCHOA CAVALCANTE;PROX A CASA LOTERICA DO ENGENHO DO MEIO;RUA ANTONIO CURADO;;PROX A CASA LOTERICA DO ENGENHO DO MEIO;ENGENHO DO MEIO;;;COLISÃO;PRISMA X MOTO;1;1;;;;;;;;1;;;;;;;;;;;;;;
2020-01-30;14:08:00;SEM VÍTIMA;FINALIZADA;;RUA SAO SALVADOR;24;AV GOVERNADOR AGAMENON MAGALHAES;EM FRENTE A UNIMED RECIFE;RUA SAO SALVADOR;24;EM FRENTE A UNIMED RECIFE;;;;ABALROAMENTO LONGITUDINAL;ENTRE ONIBUS X AUTO PASSEIO S/V;1;;;;;1;;;;0;;Cruzamento;Bom;Não existe;Perfeito estado;Seca;Perfeito estado;Não existe;;40 km/h;Única;Não existe;;
2020-01-30;14:10:00;SEM VÍTIMA;FINALIZADA;SANTO AMARO;AV GOVERNADOR AGAMENON MAGALHAES;;;AO LADO DO POSTO PETROBRAS / PRÓXIMO AO SHOPPING TACARUNA;AV GOVERNADOR AGAMENON MAGALHAES;;AO LADO DO POSTO PETROBRAS / PRÓXIMO AO SHOPPING TACARUNA;SANTO AMARO;;;ABALROAMENTO LONGITUDINAL;VAN-COMPLIMENTAR X FIAT DOBLO;1;;;;;1;;;;0;;Longo da via;Bom;Não existe;Perfeito estado;Seca;Perfeito estado;Não existe;Outras;60 km/h;Dupla;Faixa seccionada;Canteiro central;
2020-01-30;14:13:00;SEM VÍTIMA;FINALIZADA;ENCRUZILHADA;AV NORTE;2087;;AO LADO CAXANGÁ ACESSÓRIOS;AV NORTE;2087;AO LADO CAXANGÁ ACESSÓRIOS;ENCRUZILHADA;;CIDADE;ABALROAMENTO LONGITUDINAL;SEM VÍTIMA;1;1;;;;;;;;0;;Longo da via;Bom;Não existe;Perfeito estado;Seca;Perfeito estado;Outros;R-6a;;Dupla;Faixa seccionada;Canteiro central;
2020-01-30;14:14:00;SEM VÍTIMA;FINALIZADA;MADALENA;AV BEIRA RIO;;RUA JOSE OSORIO;PONTE DA CAPUNGA;AV BEIRA RIO;;PONTE DA CAPUNGA;MADALENA;387;SUBURBIO;COLISÃO TRASEIRA;SANDERO X ECOSPORT;2;;;;;;;;;0;;Cruzamento;Bom;Sem defeito;Perfeito estado;Seca;Perfeito estado;Agente;R-6c;;Única;Faixa seccionada;;
2020-01-30;15:45:00;SEM VÍTIMA;FINALIZADA;BOA VISTA;RUA DR JOSE MARIANO;;;MADEPORT;RUA DR JOSE MARIANO;;MADEPORT;BOA VISTA;209;CIDADE;ABALROAMENTO LONGITUDINAL;ENTRE DOIS AUTOS S/V;2;;;;;;;;;0;;Longo da via;Bom;Sem defeito;Não existente;Seca;Perfeito estado;Não existe;Não há placas;;Única;Não existe;;
2020-01-30;15:52:00;SEM VÍTIMA;FINALIZADA;SANTO ANTÔNIO;RUA FLORIANO PEIXOTO;155;;CASA DA CULTURA;RUA FLORIANO PEIXOTO;155;CASA DA CULTURA;SANTO ANTÔNIO;;SUBURBIO;ABALROAMENTO LONGITUDINAL;ENTRE AUTO PASSEIO X ONIBUS S/V;1;;;;;1;;;;0;;Longo da via;Bom;Sem defeito;Perfeito estado;Seca;Perfeito estado;Faixa de pedestre;Outras;;Única;Faixa seccionada;;
2020-01-30;17:22:00;SEM VÍTIMA;CANCELADA;PARNAMIRIM;AV PARNAMIRIM;;;EM FRENTE AO SANTANDER/ LADO OPOSTO DO 375;AV PARNAMIRIM;;EM FRENTE AO SANTANDER/ LADO OPOSTO DO 375;PARNAMIRIM;;;COLISÃO;COLISÃO SEM VÍTIMA;2;;;;;;;;;0;;;;;;;;;;;;;;
2020-01-30;18:13:00;SEM VÍTIMA;FINALIZADA;PAISSANDU;AV GOVERNADOR AGAMENON MAGALHAES;;RUA PAISSANDU;EM FRENTE AO BANCO ITAÚ;AV GOVERNADOR AGAMENON MAGALHAES;;EM FRENTE AO BANCO ITAÚ;PAISSANDU;69;SUBURBIO;ABALROAMENTO LONGITUDINAL;CAMINHAO X COROLLA;1;;;;;;1;;;0;;Longo da via;Bom;Sem defeito;Perfeito estado;Seca;Perfeito estado;Faixa de pedestre;Não há placas;60 km/h;Dupla;Faixa seccionada;;
2020-01-30;18:20:00;SEM VÍTIMA;FINALIZADA;BOA VISTA;RUA HENRIQUE DIAS;;RUA DOM BOSCO;;RUA HENRIQUE DIAS;;;BOA VISTA;294;CIDADE;ABALROAMENTO LONGITUDINAL;ONIX X ONIBUS;1;;;;;1;;;;0;;Longo da via;Bom;Sem defeito;Perfeito estado;Seca;Perfeito estado;Agente;;;Única;Faixa contínua;;
2020-01-30;19:10:00;SEM VÍTIMA;FINALIZADA;ILHA DO LEITE;AV FREI MATIAS TEVES;;RUA FRANCISCO ALVES;HOPE;AV FREI MATIAS TEVES;;HOPE;ILHA DO LEITE;;;ABALROAMENTO LONGITUDINAL;ENTRE 2 AUTOS. S/V;2;;;;;;;;;0;;Longo da via;Bom;Não existe;Perfeito estado;Seca;Perfeito estado;Faixa de pedestre;Não há placas;;Dupla;Faixa seccionada;;
2020-01-30;19:23:00;SEM VÍTIMA;FINALIZADA;GRAÇAS;RUA JOAQUIM NABUCO;;;HOSPITAL DA RESTAURAÇAO;RUA JOAQUIM NABUCO;;HOSPITAL DA RESTAURAÇAO;GRAÇAS;;SUBURBIO;ABALROAMENTO LONGITUDINAL;HB 20 X PALIO;2;;;;;;;;1;0;;Longo da via;Bom;Não existe;Perfeito estado;Seca;Perfeito estado;Não existe;R-6a;;Única;Faixa seccionada;;
2020-01-30;20:08:00;COM VÍTIMA;CANCELADA;GRAÇAS;RUA DO FUTURO;800;AV CONS ROSA E SILVA;PROX A EXTRA FARMA;RUA DO FUTURO;800;PROX A EXTRA FARMA;GRAÇAS;;;COLISÃO;PRISMA X MOTO OBS: MOTORISTASE EVADIU E DEIXOU O VEICULOOBS: SUSPEITA DE EMBRIAGUEZ;1;1;;;;;;;;1;;;;;;;;;;;;;;
2020-01-30;20:21:00;SEM VÍTIMA;FINALIZADA;APIPUCOS;RUA DOIS IRMAOS;470;;;RUA DOIS IRMAOS;470;;APIPUCOS;;;CHOQUE OBJETO FIXO;CONDUTOR PERDEU O CONTROLE DO SEU VEÍCULO E ACABOU SE CHOCANDO CONTRA O POSTE. S/V;1;;;;;;;;;0;;Longo da via;Bom;Não existe;Perfeito estado;Seca;Perfeito estado;Não existe;Outras;40 km/h;Dupla;Faixa contínua;;
2020-01-30;23:17:00;VÍTIMA FATAL;FINALIZADA;CIDADE UNIVERSITÁRIA;RUA EMILIANO BRAGA;96;RUA MANOEL JOAQUIM DE ALMEIDA;PROX AO PARAIBANO BAR;RUA EMILIANO BRAGA;96;PROX AO PARAIBANO BAR;CIDADE UNIVERSITÁRIA;;;ABALROAMENTO TRANSVERSAL;MICRO-ÔNIBUS E MOTOCICLETA.;;1;;;;1;;;;;1;Cruzamento;Bom;Não existe;Ilegível;Seca;Mal iluminada;Não existe;Não há placas;;Única;Não existe;;
2020-01-30;23:29:00;SEM VÍTIMA;CANCELADA;;AV SERRA DA MANTIQUEIRA;23;;NA LADEIRA DE MONTE VERDE;AV SERRA DA MANTIQUEIRA;23;NA LADEIRA DE MONTE VERDE;;;;ENGAVETAMENTO;ENTRE 2 AUTOS E 2 ÔNIBUS. S/V;2;;;;;2;;;;0;;;;;;;;;;;;;;
2020-01-31;00:43:00;SEM VÍTIMA;FINALIZADA;PINA;AV BOA VIAGEM;;RUA ALCIDES CARNEIRO LEAL;;AV BOA VIAGEM;;;PINA;;CIDADE;ABALROAMENTO LONGITUDINAL;COLISÃO ENTRE DOIS AUTOS S/V;2;;;;;;;;;0;;Longo da via;Bom;Sem defeito;Perfeito estado;Seca;Perfeito estado;Não existe;;;Única;Faixa seccionada;;
2020-01-31;07:13:00;SEM VÍTIMA;FINALIZADA;IMBIRIBEIRA;AV MARECHAL MASCARENHAS DE MORAES;;RUA DEZ DE JULHO;AO LADO DA CAIXA ECONOMICA;AV MARECHAL MASCARENHAS DE MORAES;;AO LADO DA CAIXA ECONOMICA;IMBIRIBEIRA;;SUBURBIO;ABALROAMENTO LONGITUDINAL;SEM VÍTIMAS;1;;;;;1;;;;0;;Cruzamento;Bom;Não existe;Perfeito estado;Seca;Perfeito estado;Não existe;Não há placas;60 km/h;Dupla;;;
2020-01-31;08:02:00;SEM VÍTIMA;CANCELADA;JORDÃO;AV MARIA IRENE;;AV MARECHAL MASCARENHAS DE MORAES;DEBAIXO DO VIAUTO /SENTIDO AEROPORTO;AV MARIA IRENE;;DEBAIXO DO VIAUTO /SENTIDO AEROPORTO;JORDÃO;;AEROPORTO;CHOQUE OBJETO FIXO;VEICULO COLIDIU COM MEIO DEVIDO A OLEO NA VIA;1;;;;;;;;;0;;;;;;;;;;;;;;
2020-01-31;08:09:00;SEM VÍTIMA;CANCELADA;JORDÃO;AV MARIA IRENE;;;EM FRENTE A UPINHA;AV MARIA IRENE;;EM FRENTE A UPINHA;JORDÃO;;;COLISÃO;;;1;;;;1;;;;0;;;;;;;;;;;;;;
2020-01-31;08:14:00;SEM VÍTIMA;FINALIZADA;BOA VISTA;AV GOVERNADOR AGAMENON MAGALHAES;;;EM FRENTE AO AMERICANO BATISTA;AV GOVERNADOR AGAMENON MAGALHAES;;EM FRENTE AO AMERICANO BATISTA;BOA VISTA;174;;COLISÃO TRASEIRA;COLISAO S/ VÍTIMA. DOIS VEICULOS PASSEIO. GM NO LOCAL;2;;;;;;;;;0;;Longo da via;Chuvoso;Sem defeito;Perfeito estado;Molhada;Perfeito estado;Agente;Outras;60 km/h;Dupla;Faixa seccionada;;
2020-01-31;09:04:00;COM VÍTIMA;FINALIZADA;DERBY;PRC DO DERBY;;RUA JENER DE SOUZA;AO LADO DO QUARTEL DO DERBY;PRC DO DERBY;;AO LADO DO QUARTEL DO DERBY;DERBY;40;CIDADE;COLISÃO TRASEIRA;AUTO E MOTO;1;1;;;;;;;;1;;Longo da via;Bom;Sem defeito;Perfeito estado;Seca;Perfeito estado;Faixa de retenção;Outras;;Dupla;Faixa contínua;;
2020-01-31;09:26:00;SEM VÍTIMA;FINALIZADA;SANTO AMARO;AV CRUZ CABUGA;;;AO LADO DO SHOPPING TACARUNA;AV CRUZ CABUGA;;AO LADO DO SHOPPING TACARUNA;SANTO AMARO;470;CIDADE;CHOQUE OBJETO FIXO;MOTO CHOCOU-SE COM PRISMA;;1;;;;;;;;0;;Longo da via;Bom;Sem defeito;Perfeito estado;Seca;Perfeito estado;Agente;;;Dupla;Faixa seccionada;;
2020-01-31;10:45:00;SEM VÍTIMA;FINALIZADA;VASCO DA GAMA;RUA ALTO DO EUCALIPTO;828;;GRÁFICA VASCO DA GAMA;RUA ALTO DO EUCALIPTO;828;GRÁFICA VASCO DA GAMA;VASCO DA GAMA;;SUBURBIO;COLISÃO FRONTAL;DOIS AUTOS;2;;;;;;;;;0;;Longo da via;Bom;Não existe;Perfeito estado;Seca;Perfeito estado;Outros;Outras;;Dupla;Não existe;;
2020-01-31;10:56:00;SEM VÍTIMA;FINALIZADA;BOA VIAGEM;RUA COSMORAMA;380;RUA GENERAL SALGADO;SHARK ARENA;RUA COSMORAMA;380;SHARK ARENA;BOA VIAGEM;;CIDADE;ABALROAMENTO LONGITUDINAL;COLISAO S/ VÍTIMA. ENTRE DOIS VEICULOS;2;;;;;;;;;0;;Cruzamento;Bom;Não existe;Perfeito estado;Seca;Perfeito estado;Não existe;Placas Pare;40 km/h;Única;Faixa seccionada;;
2020-01-31;11:13:00;SEM VÍTIMA;CANCELADA;BOA VIAGEM;RUA ERNESTO DE PAULA SANTOS;1302;RUA CORONEL ANIZIO RODRIGUES COELHO;EM FRENTE A PALADARIA DELICATESSEN;RUA ERNESTO DE PAULA SANTOS;1302;EM FRENTE A PALADARIA DELICATESSEN;BOA VIAGEM;;;COLISÃO;SEM VÍTIMAS;2;;;;;;;;;0;;;;;;;;;;;;;;
2020-01-31;11:30:00;SEM VÍTIMA;FINALIZADA;BOA VISTA;RUA JOAO FERNANDES VIEIRA;1308;AV GOVERNADOR AGAMENON MAGALHAES;COLEGIO AMERICANO BATISTA;RUA JOAO FERNANDES VIEIRA;1308;COLEGIO AMERICANO BATISTA;BOA VISTA;37;CIDADE;ABALROAMENTO LONGITUDINAL;SEM VÍTIMAS/ CTTU NO LOCAL;1;1;;;;;;;;0;;Longo da via;Bom;Sem defeito;Perfeito estado;Seca;Perfeito estado;Agente;;60 km/h;Dupla;Canteiro central;;
2020-01-31;11:47:00;SEM VÍTIMA;FINALIZADA;BOA VISTA;RUA DOM BOSCO;908;;EM FRENTE AO MERCADO EXTRA Nº 913;RUA DOM BOSCO;908;EM FRENTE AO MERCADO EXTRA Nº 913;BOA VISTA;294;;ABALROAMENTO LONGITUDINAL;DOIS AUTOS;2;;;;;;;;;0;;Longo da via;Bom;Sem defeito;Perfeito estado;Seca;Perfeito estado;Agente;Outras;;Dupla;Canteiro central;;
2020-01-31;11:48:00;SEM VÍTIMA;DUPLICIDADE;BOA VISTA;AV MANOEL BORBA;;;DE ESQUINA COM O SUPERMERCADO EXTRA;AV MANOEL BORBA;;DE ESQUINA COM O SUPERMERCADO EXTRA;BOA VISTA;294;;COLISÃO;DOIS AUTOS;2;;;;;;;;;0;;;;;;;;;;;;;;
2020-01-31;12:21:00;SEM VÍTIMA;FINALIZADA;BOA VIAGEM;AV DES JOSE NEVES;211;;E/F AO POSTO SHELL;AV DES JOSE NEVES;211;E/F AO POSTO SHELL;BOA VIAGEM;;SUBURBIO;COLISÃO TRASEIRA;ENTRE DOIS AUTOS S/V;2;;;;;;;;;0;;Longo da via;Bom;Não existe;Perfeito estado;Seca;Perfeito estado;Não existe;R-6a;;Dupla;Faixa seccionada;Canal;
2020-01-31;13:39:00;SEM VÍTIMA;FINALIZADA;BREJO DA GUABIRABA;AV VEREADOR OTACILIO AZEVEDO;;RUA DOURADINHA;;AV VEREADOR OTACILIO AZEVEDO;;;BREJO DA GUABIRABA;;CIDADE;ABALROAMENTO LONGITUDINAL;COLISÃO S/VÍTIMAS ENTRE UMA MOTO E UM AUTO;1;1;;;;;;;;0;;;Bom;Não existe;Incompleta;Seca;Perfeito estado;Não existe;Placas Pare;;Dupla;Faixa seccionada;;
2020-01-31;14:12:00;SEM VÍTIMA;FINALIZADA;SANTO AMARO;AV NORTE;966;;EM FRENTE AO Nº 966;AV NORTE;966;EM FRENTE AO Nº 966;SANTO AMARO;;SUBURBIO;COLISÃO TRASEIRA;COLISÃO S/VÍTIMAS ENTRE UM ONIBUS E UM AUTO;1;;;;;1;;;;0;;Longo da via;Bom;Não existe;Perfeito estado;Seca;Perfeito estado;Não existe;R-6a;40 km/h;Dupla;Canteiro central;;
2020-01-31;15:24:00;SEM VÍTIMA;FINALIZADA;ILHA DO LEITE;VIADUTO CAPITAO TEMUDO;;;EM CIMA DO VIATUDO/ SENTIDO CIDADE;VIADUTO CAPITAO TEMUDO;;EM CIMA DO VIATUDO/ SENTIDO CIDADE;ILHA DO LEITE;;;COLISÃO;COLISÃO SEM VÍTIMA;1;1;;;;;;;;0;;;;;;;;;;;;;;
2020-01-31;15:50:00;SEM VÍTIMA;FINALIZADA;TORRÕES;AV ENGENHEIRO ABDIAS DE CARVALHO;;;EM FRENTE A CHESF;AV ENGENHEIRO ABDIAS DE CARVALHO;;EM FRENTE A CHESF;TORRÕES;;CIDADE;COLISÃO TRASEIRA;COLISÃO S/ VÍTIMAS ENTRE DOIS AUTOS;2;;;;;;;;;0;;Longo da via;Bom;Sem defeito;Perfeito estado;Seca;Perfeito estado;Agente;;;Dupla;Canteiro central;;
2020-01-31;16:37:00;SEM VÍTIMA;FINALIZADA;MUSTARDINHA;AV MUSTARDINHA;376;RUA APUCARANA;GRANJA GUERALDO DA GALINHA ( COMÉRCIO);AV MUSTARDINHA;376;GRANJA GUERALDO DA GALINHA ( COMÉRCIO);MUSTARDINHA;;SUBURBIO;ABALROAMENTO TRANSVERSAL;COLISÃO SEM VÍTIMA;1;1;;;;;;;;0;;Cruzamento;Bom;Não existe;Incompleta;Seca;Mal conservada;Não existe;Não há placas;;Dupla;Não existe;;
2020-01-31;16:46:00;SEM VÍTIMA;FINALIZADA;TAMARINEIRA;RUA SEBASTIAO ALVES;273;;BOTECO E PARRILLA FAACA;RUA SEBASTIAO ALVES;273;BOTECO E PARRILLA FAACA;TAMARINEIRA;;CIDADE;ABALROAMENTO LONGITUDINAL;COLISÃO SEM VÍTIMAS;2;;;;;;;;;0;;Longo da via;Bom;Não existe;Incompleta;Seca;Perfeito estado;Não existe;Não há placas;20 km/h;Única;Não existe;;
2020-01-31;16:53:00;SEM VÍTIMA;FINALIZADA;BOA VIAGEM;RUA SETUBAL;124;;EM FRENTE A DROGASIL E IGREJINHA DE BOA VIAGEM;RUA SETUBAL;124;EM FRENTE A DROGASIL E IGREJINHA DE BOA VIAGEM;BOA VIAGEM;419;;COLISÃO;COLISÃO SEM VÍTIMA;1;;;;;1;;;;0;;;;;;;;;;;;;;
2020-01-31;17:32:00;SEM VÍTIMA;FINALIZADA;IMBIRIBEIRA;AV MARECHAL MASCARENHAS DE MORAES;4741;;VALK IMPORT SERVICE;AV MARECHAL MASCARENHAS DE MORAES;4741;VALK IMPORT SERVICE;IMBIRIBEIRA;;CIDADE;COLISÃO TRASEIRA;ENTRE DOIS AUTOS S/V;2;;;;;;;;;0;;Longo da via;Bom;Não existe;Perfeito estado;Seca;Perfeito estado;Agente;Não há placas;60 km/h;Única;Faixa seccionada;;
2020-01-31;18:00:00;SEM VÍTIMA;FINALIZADA;VASCO DA GAMA;AV VEREADOR OTACILIO AZEVEDO;955;;EM FRENTE AO Nº 955;AV VEREADOR OTACILIO AZEVEDO;955;EM FRENTE AO Nº 955;VASCO DA GAMA;;SUBURBIO;ABALROAMENTO LONGITUDINAL;ENTRE CAMINHÃO E AUTO PASSEIO. S.V;1;;;;;;1;;;0;;Longo da via;Bom;Não existe;Incompleta;Seca;Mal conservada;Não existe;R-6c;;Dupla;Faixa seccionada;;
2020-01-31;18:14:00;COM VÍTIMA;FINALIZADA;MADALENA;AV VISCONDE DE ALBUQUERQUE;;RUA LOPES DE CARVALHO;ASTRAL VEÍCULOS MULTIMARCAS;AV VISCONDE DE ALBUQUERQUE;;ASTRAL VEÍCULOS MULTIMARCAS;MADALENA;;CIDADE;ABALROAMENTO TRANSVERSAL;COLISAO COM VÍTIMAS;1;;;;;1;;;;1;;Cruzamento;Bom;Não existe;Perfeito estado;Seca;Perfeito estado;Não existe;Placas Pare;;Única;Faixa seccionada;;
2020-01-31;18:22:00;COM VÍTIMA;FINALIZADA;BOA VIAGEM;RUA PADRE LEANDRO CAMELO;279;RUA VISCONDE DE JEQUITINHONHA;E/F AO EDF CASABLANCA / AO LADO DO RESTAURANTE PARANOIA DO MAR;RUA PADRE LEANDRO CAMELO;279;E/F AO EDF CASABLANCA / AO LADO DO RESTAURANTE PARANOIA DO MAR;BOA VIAGEM;;SUBURBIO;CAPOTAMENTO;CONDUTOR PERDEU O CONTROLE DO VEÍCULO E ACABOU CAPOTANDO O CARRO ATÉ O CANAL. O AUTO PERMANECE NO CANAL. O MESMO SOLICITA A PRESENÇA DA CTTU NO LOCAL. S/V;1;;;;;;;;;1;;Longo da via;Bom;Não existe;Não existente;Seca;Perfeito estado;Não existe;Não há placas;;Única;Faixa seccionada;;
2020-01-31;19:02:00;SEM VÍTIMA;FINALIZADA;PINA;PTE AGAMENON MAGALHAES;;;PRÓXIMO AO CABANGA IATE CLUBE;PTE AGAMENON MAGALHAES;;PRÓXIMO AO CABANGA IATE CLUBE;PINA;;CIDADE;COLISÃO TRASEIRA;ENTRE 2 AUTOS. S/V;2;;;;;;;;;0;;;;;;;;;;;;;;
2020-01-31;19:36:00;SEM VÍTIMA;CANCELADA;CASA AMARELA;AV NORTE;6720;;E/F AO POSTO BR/ APOS A MATERNIDADE BARROS LIMA/SENTIDO BR101;AV NORTE;6720;E/F AO POSTO BR/ APOS A MATERNIDADE BARROS LIMA/SENTIDO BR101;CASA AMARELA;;;COLISÃO;COLISAO SEM VÍTIMAS;2;;;;;;;;;0;;;;;;;;;;;;;;
2020-01-31;19:54:00;SEM VÍTIMA;FINALIZADA;GRAÇAS;AV GOVERNADOR AGAMENON MAGALHAES;;RUA JOAQUIM NABUCO;AO LADO DOHOSPITAL DA RESTAURAÇAÕ;AV GOVERNADOR AGAMENON MAGALHAES;;AO LADO DOHOSPITAL DA RESTAURAÇAÕ;GRAÇAS;174;;COLISÃO TRASEIRA;COLISAO SEM VÍTIMAS;1;;;;;;1;;;0;;Cruzamento;Bom;Sem defeito;Perfeito estado;Seca;Perfeito estado;Faixa de pedestre;Não há placas;60 km/h;Dupla;Faixa contínua;;
2020-01-31;20:20:00;SEM VÍTIMA;CANCELADA;GRAÇAS;AV RUI BARBOSA;965;RUA ALBERTO PAIVA;E/F A PEDRAGON / SEMÁFORO 305;AV RUI BARBOSA;965;E/F A PEDRAGON / SEMÁFORO 305;GRAÇAS;;;COLISÃO;;1;1;;;;;;;;0;;;;;;;;;;;;;;
2020-01-31;22:33:00;SEM VÍTIMA;FINALIZADA;MADALENA;RUA ENGENHEIRO LEONARDO ARCOVERDE;;;AO LADO DO Nº 464;RUA ENGENHEIRO LEONARDO ARCOVERDE;;AO LADO DO Nº 464;MADALENA;;SUBURBIO;CHOQUE VEÍCULO PARADO;VT DA GUARDA SE CHOCOU CONTRA DOIS AUTOS ESTACIONADOS. S/V;3;;;;;;;;;0;;Longo da via;Bom;Não existe;Incompleta;Seca;Perfeito estado;Não existe;Não há placas;;Dupla;Não existe;;
2020-01-31;23:53:00;SEM VÍTIMA;FINALIZADA;BOA VIAGEM;RUA RIBEIRO DE BRITO;972;RUA DOS NAVEGANTES;POR TRÁS DO HOLIDAY;RUA RIBEIRO DE BRITO;972;POR TRÁS DO HOLIDAY;BOA VIAGEM;;SUBURBIO;ABALROAMENTO TRANSVERSAL;COLISAO SEM VÍTIMAS;2;;;;;;;;;0;;Longo da via;Bom;Não existe;Perfeito estado;Seca;Perfeito estado;Faixa de retenção;Placas Pare;;Única;Faixa seccionada;;
2020-02-01;02:30:00;SEM VÍTIMA;FINALIZADA;BAIRRO DO RECIFE;AV MARQUES DE OLINDA;;CAIS DA ALFANDEGA;;AV MARQUES DE OLINDA;;;BAIRRO DO RECIFE;165;SUBURBIO;ABALROAMENTO LONGITUDINAL;COLISÃO ENTRE AUTO E CAMINHÃO, SEM VÍTIMAS;1;;;;;;1;;;0;;Cruzamento;Bom;Intermitente;Perfeito estado;Seca;Perfeito estado;Faixa de pedestre;Não há placas;;;Faixa contínua;;
2020-02-01;08:10:00;SEM VÍTIMA;FINALIZADA;SANTO AMARO;AV NORTE;;RUA DA AURORA;;AV NORTE;;;SANTO AMARO;243;SUBURBIO;ABALROAMENTO TRANSVERSAL;SEM VÍTIMAS;2;;;;;;;;;0;;Cruzamento;Chuvoso;Sem defeito;Perfeito estado;Molhada;Perfeito estado;Faixa de pedestre;R-25d;;Dupla;Faixa contínua;;
2020-02-01;08:10:00;SEM VÍTIMA;CANCELADA;IPSEP;AV RECIFE;2775;;E/F A LOJA IBEX (SENT. BR101);AV RECIFE;2775;E/F A LOJA IBEX (SENT. BR101);IPSEP;;;COLISÃO;COLISÃO S/VÍTIMAS ENTRE UM ONIBUS E UM AUTO;1;;;;;1;;;;0;;;;;;;;;;;;;;
2020-02-01;08:45:00;SEM VÍTIMA;FINALIZADA;IMBIRIBEIRA;RUA ITACARI;;RUA ITAJAI;ESQUINA COMA YNOVE;RUA ITACARI;;ESQUINA COMA YNOVE;IMBIRIBEIRA;;CIDADE;ABALROAMENTO TRANSVERSAL;COLISÃO S/VÍTIMAS ENTRE DOIS AUTOS;2;;;;;;;;;0;;Cruzamento;Chuvoso;Não existe;Perfeito estado;Molhada;Perfeito estado;Faixa de pedestre;Placas Pare;;Única;Faixa contínua;;
2020-02-01;09:20:00;SEM VÍTIMA;FINALIZADA;SÃO JOSÉ;C SANTA RITA;;;AO LADO DO GRANDE RECIFE;C SANTA RITA;;AO LADO DO GRANDE RECIFE;SÃO JOSÉ;;SUBURBIO;CHOQUE OBJETO FIXO;AUTO CHOCOU-SE COM MURETA;1;;;;;;;;;0;;Longo da via;Chuvoso;Não existe;Perfeito estado;Molhada;Perfeito estado;Não existe;Não há placas;;Dupla;Canteiro central;;