data;hora;natureza_acidente;situacao;bairro;endereco;numero;detalhe_endereco_acidente;complemento;endereco_cruzamento;numero_cruzamento;referencia_cruzamento;bairro_cruzamento;num_semaforo;sentido_via;tipo;descricao;auto;moto;ciclom;ciclista;pedestre;onibus;caminhao;viatura;outros;vitimas;vitimasfatais;acidente_verificado;tempo_clima;situacao_semaforo;sinalizacao;condicao_via;conservacao_via;ponto_controle;situacao_placa;velocidade_max_via;mao_direcao;divisao_via1;divisao_via2;divisao_via3
2020-02-06;16:35:00;SEM VÍTIMA;CANCELADA;AFLITOS;AV CONS ROSA E SILVA;1305;;LADO OPOSTO DO THE BRITISH COUNTRY CLUB/ NO ESTACIONAMENTO DA PARLA DELI;AV CONS ROSA E SILVA;1305;LADO OPOSTO DO THE BRITISH COUNTRY CLUB/ NO ESTACIONAMENTO DA PARLA DELI;AFLITOS;;;COLISÃO;SEM VÍTIMA;1;1;;;;;;;;0;;;;;;;;;;;;;;
2020-02-06;16:56:00;COM VÍTIMA;DUPLICIDADE;IMBIRIBEIRA;AV MARECHAL MASCARENHAS DE MORAES;;;E/F AO AEROPORTO DO RECIFE (SENT. PRAZERES);AV MARECHAL MASCARENHAS DE MORAES;;E/F AO AEROPORTO DO RECIFE (SENT. PRAZERES);IMBIRIBEIRA;;;COLISÃO;COLISÃO C/VÍTIMAS ENTRE UMA MOTO,UM AUTO E UM CAMINHÃO;1;1;;;;;1;;;1;;;;;;;;;;;;;;
2020-02-06;17:25:00;SEM VÍTIMA;FINALIZADA;;RUA DO HOSPICIO;;RUA PRINCESA IZABEL;EM FRENTE A CAMARA DE VEREADORES;RUA DO HOSPICIO;;EM FRENTE A CAMARA DE VEREADORES;;;CIDADE;COLISÃO TRASEIRA;COLISÃO SEM VÍTIMA;1;1;;;;;;;;0;;Longo da via;Bom;Sem defeito;Perfeito estado;Seca;;Não existe;;;Dupla;Não existe;;
2020-02-06;17:29:00;SEM VÍTIMA;CANCELADA;IMBIRIBEIRA;AV MARECHAL MASCARENHAS DE MORAES;;;E/F A HONDA/ AEROPORTO;AV MARECHAL MASCARENHAS DE MORAES;;E/F A HONDA/ AEROPORTO;IMBIRIBEIRA;;;COLISÃO;COLISAO SEM VÍTIMAS;2;;;;;;;;;0;;;;;;;;;;;;;;
2020-02-06;18:06:00;COM VÍTIMA;FINALIZADA;DOIS IRMÃOS;RUA DOIS IRMAOS;;;AO LADO DO CAMPO DA UNIVERSIDADE DA RURAL;RUA DOIS IRMAOS;;AO LADO DO CAMPO DA UNIVERSIDADE DA RURAL;DOIS IRMÃOS;;SUBURBIO;COLISÃO COM CICLISTA;ENTRE BICICLETA E CAMINHÃO. C/V;;;;1;;;1;;;1;;Longo da via;Bom;Não existe;Incompleta;Seca;Mal conservada;Não existe;Não há placas;;Dupla;Não existe;;
2020-02-06;18:11:00;SEM VÍTIMA;CANCELADA;BOA VIAGEM;AVENIDA CELSO FURTADO (VIA MANGUE);;;PROXIMO UMA LOMBADA ELETRONICA/ STD BOA VIAGEM;AVENIDA CELSO FURTADO (VIA MANGUE);;PROXIMO UMA LOMBADA ELETRONICA/ STD BOA VIAGEM;BOA VIAGEM;;;ENGAVETAMENTO;TRÊS AUTOS S/V;3;;;;;;;;;0;;;;;;;;;;;;;;
2020-02-06;18:21:00;SEM VÍTIMA;FINALIZADA;JAQUEIRA;AV CONS ROSA E SILVA;;RUA NETO DE MENDONCA;PADARIA JAQUEIRA;AV CONS ROSA E SILVA;;PADARIA JAQUEIRA;JAQUEIRA;;SUBURBIO;ABALROAMENTO LONGITUDINAL;ENTRE ÕNIBUS E AUTO. S/V;1;;;;;1;;;;0;;Longo da via;Bom;Não existe;;Seca;Perfeito estado;Não existe;Outras;;Única;Faixa contínua;;
2020-02-06;18:31:00;SEM VÍTIMA;FINALIZADA;PINA;AV REPUBLICA ARABE UNIDA;;;16º BATALHÃO DA POLÍCIA MILITAR;AV REPUBLICA ARABE UNIDA;;16º BATALHÃO DA POLÍCIA MILITAR;PINA;;CIDADE;ABALROAMENTO LONGITUDINAL;ENTRE 2 AUTOS. S/V;2;;;;;;;;;0;;Longo da via;Bom;Não existe;Perfeito estado;Seca;Perfeito estado;Faixa de pedestre;;;Única;Não existe;;
2020-02-06;18:33:00;SEM VÍTIMA;FINALIZADA;MACAXEIRA;AV NORTE;;;EM FRENTE AO SEMÁFORO 596;AV NORTE;;EM FRENTE AO SEMÁFORO 596;MACAXEIRA;596;CIDADE;COLISÃO TRASEIRA;ENTRE DOIS AUTOS S/V;2;;;;;;;;;0;;Longo da via;Bom;Sem defeito;Perfeito estado;Seca;Perfeito estado;Não existe;Não há placas;;Dupla;Faixa seccionada;;
2020-02-06;19:30:00;COM VÍTIMA;FINALIZADA;SANTO AMARO;AV MARIO MELO;;RUA SAO GERALDO;E/F AO COLEGIO SYLVIO RABELLO;AV MARIO MELO;;E/F AO COLEGIO SYLVIO RABELLO;SANTO AMARO;;SUBURBIO;ABALROAMENTO LONGITUDINAL;ENTRE MT-41 X MOTO COM VÍTIMA;;2;;;;;;;;2;;Esquina;Bom;Não existe;Perfeito estado;Seca;Perfeito estado;Faixa de pedestre;Placas Pare;;Dupla;Faixa seccionada;Canteiro central;Outros
2020-02-06;20:04:00;SEM VÍTIMA;FINALIZADA;SANTO AMARO;AV JOAO DE BARROS;;RUA DR CARLOS CHAGAS;;AV JOAO DE BARROS;;;SANTO AMARO;;;ABALROAMENTO TRANSVERSAL;ENTRE AUTO PASSEIO X MOTO COM VÍTIMA;1;1;;;;;;;;0;;Longo da via;Bom;Não existe;Perfeito estado;Seca;Perfeito estado;Outros;Outras;;Única;Faixa seccionada;Blocos;
2020-02-06;20:12:00;SEM VÍTIMA;CANCELADA;IMBIRIBEIRA;AV MARECHAL MASCARENHAS DE MORAES;;;PRÓX A UPA, SNT PRAZERES / E/F AO DR;AV MARECHAL MASCARENHAS DE MORAES;;PRÓX A UPA, SNT PRAZERES / E/F AO DR;IMBIRIBEIRA;;;COLISÃO;ÕNIBUS X AUTO PASSEIO. S/V;1;;;;;1;;;;0;;;;;;;;;;;;;;
2020-02-07;08:01:00;COM VÍTIMA;FINALIZADA;SANTO AMARO;AV PREFEITO ARTUR LIMA CAVALCANTI;;RUA AURORA;APOS A PONTE;AV PREFEITO ARTUR LIMA CAVALCANTI;;APOS A PONTE;SANTO AMARO;243;OLINDA;COLISÃO;COLISAO COM VÍTIMA// VEICULO E MOTO. VT NO LOCAL;1;1;;;;;;;;1;;Longo da via;Bom;Não existe;Perfeito estado;Seca;Perfeito estado;Não existe;Outras;;Dupla;Canteiro central;;
2020-02-07;08:03:00;SEM VÍTIMA;FINALIZADA;PINA;RUA MANOEL CORIOLANO;378;;EM FRENTE AO ESTACIONAMENTO SANPARK;RUA MANOEL CORIOLANO;378;EM FRENTE AO ESTACIONAMENTO SANPARK;PINA;;;COLISÃO FRONTAL;MOTO E AUTO;1;1;;;;;;;;0;;Longo da via;Bom;Não existe;Perfeito estado;Seca;Perfeito estado;Não existe;;30 km/h;Dupla;Faixa contínua;;
2020-02-07;07:55:00;SEM VÍTIMA;FINALIZADA;JARDIM SÃO PAULO;RUA ITALACY;188;;IGREJA ASSEMBLEIA DE DEUS;RUA ITALACY;188;IGREJA ASSEMBLEIA DE DEUS;JARDIM SÃO PAULO;;;CHOQUE VEÍCULO PARADO;SEM VÍTIMAS;1;;;;;;1;;;0;;Longo da via;Bom;Não existe;;Seca;Perfeito estado;;;;Dupla;Não existe;;
2020-02-07;08:04:00;COM VÍTIMA;FINALIZADA;MANGUEIRA;RUA MANOEL DE ALBUQUERQUE FERNANDES;1364;RUA VICENTE RIBEIRO DE BARROS;E/FDROGARIA BONGI;RUA MANOEL DE ALBUQUERQUE FERNANDES;1364;E/FDROGARIA BONGI;MANGUEIRA;;CIDADE;ATROPELAMENTO;AUTO;1;;;;1;;;;;1;;Longo da via;Bom;Não existe;Não existente;Seca;Perfeito estado;Não existe;Não há placas;;Dupla;Não existe;;
2020-02-07;08:55:00;SEM VÍTIMA;FINALIZADA;SANTO AMARO;AV NORTE;627;;;AV NORTE;627;;SANTO AMARO;;CIDADE;COLISÃO TRASEIRA;COLISÃO S/VÍTIMAS ENTRE UM ONIBUS E UM AUTO;1;;;;;1;;;;0;;Longo da via;Bom;Não existe;Perfeito estado;Seca;Perfeito estado;Não existe;Não há placas;60 km/h;Dupla;Canteiro central;;
2020-02-07;09:08:00;SEM VÍTIMA;FINALIZADA;MADALENA;RUA REAL DA TORRE;955;RUA COSTA GOMES;EDF MARIA CAROLINA MONTENEGRO;RUA REAL DA TORRE;955;EDF MARIA CAROLINA MONTENEGRO;MADALENA;;CIDADE;ABALROAMENTO LONGITUDINAL;SEM VÍTIMAS;2;;;;;;;;;0;;Longo da via;Bom;Não existe;Perfeito estado;Seca;Perfeito estado;Não existe;Placas Pare;;Única;Faixa seccionada;;
2020-02-07;09:11:00;SEM VÍTIMA;FINALIZADA;SÃO JOSÉ;AV SUL;;;PRÓX. A SECRETARIA DA FAZENDA;AV SUL;;PRÓX. A SECRETARIA DA FAZENDA;SÃO JOSÉ;;CIDADE;COLISÃO TRASEIRA;COLISAO S/ VÍTIMA. ENTRE DOIS VEICULOS;2;;;;;;;;;0;;Longo da via;Bom;Não existe;Perfeito estado;Seca;Perfeito estado;Não existe;Não há placas;;Dupla;Faixa seccionada;Canteiro central;
2020-02-07;09:39:00;SEM VÍTIMA;FINALIZADA;AFOGADOS;RUA SAO MIGUEL;432;;;RUA SAO MIGUEL;432;;AFOGADOS;;CIDADE;ABALROAMENTO LONGITUDINAL;COLISÃO S/VÍTIMAS ENTRE UM CAMINHÃO E UM AUTO;1;;;;;1;;;;0;;Longo da via;Bom;Não existe;Perfeito estado;Seca;Perfeito estado;Não existe;Não há placas;;Dupla;Faixa contínua;;
2020-02-07;11:18:00;SEM VÍTIMA;FINALIZADA;BOA VIAGEM;AV DOM JOAO VI;968;;BIG BOMPREÇO;AV DOM JOAO VI;968;BIG BOMPREÇO;BOA VIAGEM;670;CIDADE;ABALROAMENTO LONGITUDINAL;COLISÃO S/VÍTIMAS ENTRE UM CAMINHÃO E UM AUTO;1;;;;;;1;;;0;;Longo da via;Bom;Sem defeito;Perfeito estado;Seca;Perfeito estado;Não existe;Não há placas;;Dupla;Canal;;
2020-02-07;11:53:00;SEM VÍTIMA;FINALIZADA;IMBIRIBEIRA;AV MARECHAL MASCARENHAS DE MORAES;5001;;MOTO HOUSE;AV MARECHAL MASCARENHAS DE MORAES;5001;MOTO HOUSE;IMBIRIBEIRA;;CIDADE;ABALROAMENTO LONGITUDINAL;COLISÃO S/VÍTIMAS ENTRE UM ONIBUS E UM AUTO;1;;;;;1;;;;0;;Longo da via;Bom;Não existe;Perfeito estado;Seca;Perfeito estado;Não existe;Outras;60 km/h;Dupla;Faixa contínua;Faixa seccionada;Canteiro central
2020-02-07;11:57:00;COM VÍTIMA;FINALIZADA;MADALENA;AV BEIRA RIO;1041;;EM FRENTE AO EDF ENGENHO MADALENA;AV BEIRA RIO;1041;EM FRENTE AO EDF ENGENHO MADALENA;MADALENA;;TORRE;ABALROAMENTO LONGITUDINAL;COM UMAVÍTIMA AGUARDANDO SAMU;1;1;;;;;;;;1;;Longo da via;Bom;Não existe;Perfeito estado;Seca;;Não existe;Não há placas;30 km/h;Dupla;Faixa seccionada;;
2020-02-07;11:57:00;SEM VÍTIMA;FINALIZADA;ARRUDA;RUA DO MACHADO;;RUA MANOEL SILVA;;RUA DO MACHADO;;;ARRUDA;;;ABALROAMENTO TRANSVERSAL;COLISAO S/ VÍTIMA ENTRE DOIS VEICULOS;2;;;;;;;;;0;;Cruzamento;Bom;Não existe;Perfeito estado;Seca;Perfeito estado;Faixa de retenção;Placas Pare;;Dupla;Faixa seccionada;;
2020-02-07;12:19:00;SEM VÍTIMA;FINALIZADA;IMBIRIBEIRA;AV MARECHAL MASCARENHAS DE MORAES;2156;RUA NAPOLIS;;AV MARECHAL MASCARENHAS DE MORAES;2156;;IMBIRIBEIRA;;SUBURBIO;ABALROAMENTO LONGITUDINAL;COLISAO SEM VÍTIMAS;1;;;;;;1;;;0;;Cruzamento;Bom;Não existe;Perfeito estado;Seca;Perfeito estado;Não existe;Não há placas;60 km/h;Dupla;Canteiro central;;
2020-02-07;12:29:00;SEM VÍTIMA;FINALIZADA;DERBY;AV GOVERNADOR AGAMENON MAGALHAES;;RUA HENRIQUE DIAS;SOB O SEMÁFORO 068;AV GOVERNADOR AGAMENON MAGALHAES;;SOB O SEMÁFORO 068;DERBY;68;SUBURBIO;COLISÃO TRASEIRA;QUATROS AUTOS S/V;4;;;;;;;;;0;;Cruzamento;Bom;Sem defeito;Perfeito estado;Seca;Perfeito estado;;Outras;60 km/h;Única;Faixa seccionada;;
2020-02-07;12:35:00;SEM VÍTIMA;FINALIZADA;DERBY;AV GOVERNADOR AGAMENON MAGALHAES;;;E/F A PRAÇA DO DERBY;AV GOVERNADOR AGAMENON MAGALHAES;;E/F A PRAÇA DO DERBY;DERBY;75;CIDADE;ABALROAMENTO LONGITUDINAL;COLISAO SEM VÍTIMAS;1;;;;;1;;;;0;;Longo da via;Bom;Sem defeito;Perfeito estado;Seca;Perfeito estado;Não existe;Não há placas;60 km/h;Dupla;Canteiro central;;
2020-02-07;13:05:00;SEM VÍTIMA;FINALIZADA;PARNAMIRIM;RUA JOAO TUDE DE MELO;;;E/F AO SHOPPING PARNAMIRIM;RUA JOAO TUDE DE MELO;;E/F AO SHOPPING PARNAMIRIM;PARNAMIRIM;;SUBURBIO;COLISÃO TRASEIRA;COLISAO SEM VÍTIMAS;3;;;;;;;;;0;;Longo da via;Bom;Não existe;Perfeito estado;Seca;Perfeito estado;Não existe;Não há placas;40 km/h;Dupla;Canteiro central;;
2020-02-07;13:14:00;SEM VÍTIMA;FINALIZADA;IMBIRIBEIRA;RUA SARGENTO SILVINO DE MACEDO;481;;EM FRENTE AO CAMPO;RUA SARGENTO SILVINO DE MACEDO;481;EM FRENTE AO CAMPO;IMBIRIBEIRA;;SUBURBIO;COLISÃO TRASEIRA;COLISAO SEM VÍTIMAS;2;;;;;;;;;0;;Longo da via;Bom;Não existe;Não existente;Seca;Perfeito estado;Não existe;Não há placas;;Dupla;Não existe;;
2020-02-07;13:17:00;COM VÍTIMA;FINALIZADA;ILHA DO LEITE;AV GOVERNADOR AGAMENON MAGALHAES;4581;RUA GENERAL JOAQUIM INACIO;;AV GOVERNADOR AGAMENON MAGALHAES;4581;;ILHA DO LEITE;69;CIDADE;COLISÃO TRASEIRA;COLISÃO COM VÍTIMA;1;1;;;;;;;;1;;Longo da via;Bom;Sem defeito;Perfeito estado;Seca;Perfeito estado;Agente;Outras;60 km/h;Dupla;Canal;;
2020-02-07;13:50:00;SEM VÍTIMA;CANCELADA;CASA AMARELA;RUA FERNANDO DE SOUZA CAETE;301;;E/F A PRAÇA DO TRABALHO;RUA FERNANDO DE SOUZA CAETE;301;E/F A PRAÇA DO TRABALHO;CASA AMARELA;;;CHOQUE OBJETO FIXO;VEICULO COLIDIU COM A PAREDE/ VEICULO DA DICON E SEMOC;1;;;;;;;;;0;;;;;;;;;;;;;;
2020-02-07;14:23:00;SEM VÍTIMA;FINALIZADA;AREIAS;AV RECIFE;;AV CAPITAO GREGORIO DE CALDAS;BIG BROMPREÇO;AV RECIFE;;BIG BROMPREÇO;AREIAS;494;SUBURBIO;ABALROAMENTO TRANSVERSAL;COLISAO SEM VÍTIMAS;1;;;;;1;;;;0;;Longo da via;Bom;Sem defeito;Perfeito estado;Seca;Perfeito estado;Faixa de pedestre;Outras;;Única;Faixa seccionada;;
2020-02-07;14:51:00;SEM VÍTIMA;FINALIZADA;BOA VISTA;RUA DA SOLEDADE;;;SOB O SEMÁFORO Nº 220;RUA DA SOLEDADE;;SOB O SEMÁFORO Nº 220;BOA VISTA;220;SUBURBIO;ABALROAMENTO LONGITUDINAL;ENTRE DOIS AUTOS S/V;2;;;;;;;;;0;;Longo da via;Bom;Sem defeito;Perfeito estado;Seca;Perfeito estado;Faixa de pedestre;R-6a;;Única;Não existe;;
2020-02-07;14:57:00;COM VÍTIMA;FINALIZADA;IMBIRIBEIRA;RUA ITAJAI;;RUA ITACARI;PPR TRÁS DA MOVIDA/ AO LADO DO ITAU;RUA ITAJAI;;PPR TRÁS DA MOVIDA/ AO LADO DO ITAU;IMBIRIBEIRA;;SUBURBIO;ABALROAMENTO LONGITUDINAL;ENTRE AUTO PASSEIO X MOTO COM VÍTIMA;1;1;;;;;;;;1;;Cruzamento;Bom;Não existe;Perfeito estado;Seca;Perfeito estado;Não existe;Não há placas;;Única;Faixa contínua;;
2020-02-07;15:11:00;SEM VÍTIMA;FINALIZADA;AFOGADOS;RUA SANTOS ARAUJO;;;POSTO BRAZ PETRO;RUA SANTOS ARAUJO;;POSTO BRAZ PETRO;AFOGADOS;333;;COLISÃO TRASEIRA;ENTRE AUTO PASSEIO X MOTO S/V;1;1;;;;;;;;0;;Longo da via;Bom;Sem defeito;Perfeito estado;Seca;Perfeito estado;Faixa de pedestre;Outras;;Única;Faixa seccionada;;
2020-02-07;15:14:00;COM VÍTIMA;FINALIZADA;BOA VISTA;RUA DO PROGRESSO;465;RUA GONCALVES MAIA;E/F AO CONSULADO AMERICANO. VILLA EMPRESARIAL BOA VISTA.;RUA DO PROGRESSO;465;E/F AO CONSULADO AMERICANO. VILLA EMPRESARIAL BOA VISTA.;BOA VISTA;;AV. MANOEL BORBA;ABALROAMENTO LONGITUDINAL;COLISAO COM VÍTIMAS;1;1;;;;;;;;1;;Cruzamento;Bom;Não existe;Incompleta;Seca;Perfeito estado;Não existe;Outras;40 km/h;Única;Não existe;;
2020-02-07;15:44:00;SEM VÍTIMA;FINALIZADA;BOA VIAGEM;AV CONSELHEIRO AGUIAR;;RUA CORONEL BENEDITO CHAVES;;AV CONSELHEIRO AGUIAR;;;BOA VIAGEM;114;;ABALROAMENTO TRANSVERSAL;COLISAO SEM VÍTIMAS;2;;;;;;;;;0;;Cruzamento;Bom;Sem defeito;Perfeito estado;Seca;Perfeito estado;Faixa de pedestre;Outras;60 km/h;Única;Faixa contínua;;
2020-02-07;15:52:00;SEM VÍTIMA;CANCELADA;CORDEIRO;AV ENGENHEIRO ABDIAS DE CARVALHO;;;E/F AO CAMARAO DO LEO;AV ENGENHEIRO ABDIAS DE CARVALHO;;E/F AO CAMARAO DO LEO;CORDEIRO;;CIDADE;COLISÃO;COLISAO SEM VÍTIMAS;2;;;;;;;;;0;;;;;;;;;;;;;;
2020-02-07;16:13:00;SEM VÍTIMA;CANCELADA;BOA VIAGEM;RUA ATLANTICO;;;E/F AO BODE PRAIA;RUA ATLANTICO;;E/F AO BODE PRAIA;BOA VIAGEM;;;COLISÃO;COLISAO SEM VÍTIMAS;2;;;;;;;;;0;;;;;;;;;;;;;;
2020-02-07;16:45:00;COM VÍTIMA;FINALIZADA;CAMPO GRANDE;RUA OLIVEIRA FONSECA;;RUA MARQUES DE ABRANTES;PROX A IGREJA NOSSA SENHORA DO BOM PARTO;RUA OLIVEIRA FONSECA;;PROX A IGREJA NOSSA SENHORA DO BOM PARTO;CAMPO GRANDE;;SUBURBIO;ABALROAMENTO TRANSVERSAL;COLISAO COM VÍTIMAS;;1;;;;1;;;;2;;Cruzamento;Bom;Não existe;Incompleta;Seca;Perfeito estado;Não existe;Não há placas;;Dupla;Não existe;;
2020-02-07;16:46:00;SEM VÍTIMA;PENDENTE;CASA AMARELA;AV DR EURICO CHAVES;712;;E/F A IGREJA CATOLICA DE CASA AMARELA;AV DR EURICO CHAVES;712;E/F A IGREJA CATOLICA DE CASA AMARELA;CASA AMARELA;;;COLISÃO;ENTRE MOTO X AUTO PASSEIO S/V;1;1;;;;;;;;0;;;;;;;;;;;;;;
2020-02-07;17:21:00;SEM VÍTIMA;CANCELADA;ÁGUA FRIA;AV BEBERIBE;2306;;E/F AO SUPERMERCADO DOIS IRMÃOS;AV BEBERIBE;2306;E/F AO SUPERMERCADO DOIS IRMÃOS;ÁGUA FRIA;;;COLISÃO;ENTRE DOIS AUTOS S/V;2;;;;;;;;;0;;;;;;;;;;;;;;
2020-02-07;17:39:00;COM VÍTIMA;FINALIZADA;ILHA JOANA BEZERRA;VIADUTO CAPITAO TEMUDO;;;PROXIMO A PASSARELA E AO FÓRUM JOANA BEZERRA;VIADUTO CAPITAO TEMUDO;;PROXIMO A PASSARELA E AO FÓRUM JOANA BEZERRA;ILHA JOANA BEZERRA;;SUBURBIO;ATROPELAMENTO;COLISÃO COM VÍTIMA;;1;;;1;;;;;2;;Longo da via;Bom;Não existe;Perfeito estado;Seca;Perfeito estado;Não existe;Não há placas;;Dupla;Faixa seccionada;Canteiro central;
2020-02-07;17:46:00;COM VÍTIMA;FINALIZADA;CORDEIRO;EST DO FORTE DO ARRAIAL N. DO B. JESUS;;RUA PROFESSORA LAURA FERREIRA DA COSTA;E/F A PRC DO QUINZE. andreza ótica;EST DO FORTE DO ARRAIAL N. DO B. JESUS;;E/F A PRC DO QUINZE. andreza ótica;CORDEIRO;;SUBURBIO;ABALROAMENTO TRANSVERSAL;ENTRE AUTO PASSEIO X MOTO COM VÍTIMA;1;1;;;;;;;;1;;Cruzamento;Bom;Não existe;Incompleta;Seca;Perfeito estado;Não existe;Não há placas;;Dupla;Faixa contínua;;
2020-02-07;18:20:00;SEM VÍTIMA;FINALIZADA;IMBIRIBEIRA;AV MARECHAL MASCARENHAS DE MORAES;;;SEMINOVOS MOVIDA;AV MARECHAL MASCARENHAS DE MORAES;;SEMINOVOS MOVIDA;IMBIRIBEIRA;255;SUBURBIO;ABALROAMENTO LONGITUDINAL;DOIS AUTOS;2;;;;;;;;;0;;Longo da via;Bom;Sem defeito;Perfeito estado;Seca;Perfeito estado;Faixa de pedestre;Outras;60 km/h;Dupla;Faixa seccionada;Canteiro central;
2020-02-07;18:25:00;SEM VÍTIMA;FINALIZADA;AFOGADOS;AV SUL;;RUA NICOLAU PEREIRA;AO LADO DA CLÍNICA AGAMENON MAGALHÃES;AV SUL;;AO LADO DA CLÍNICA AGAMENON MAGALHÃES;AFOGADOS;;;ABALROAMENTO LONGITUDINAL;AUTO PASSEIO X CAMINHÃO S/V;1;;;;;;1;;;0;;Longo da via;Bom;Não existe;Perfeito estado;Seca;Mal conservada;Não existe;Não há placas;;Única;Faixa seccionada;;
2020-02-07;19:01:00;COM VÍTIMA;CANCELADA;IPSEP;RUA JEAN EMILE FAVRE;840;;E/F AO ARCOMIX;RUA JEAN EMILE FAVRE;840;E/F AO ARCOMIX;IPSEP;;;COLISÃO;ENTRE AUTO PASSEIO X MOTO COM VÍTIMA;1;1;;;;;;;;1;;;;;;;;;;;;;;
2020-02-07;19:02:00;SEM VÍTIMA;FINALIZADA;VÁRZEA;AV AFONSO OLINDENSE;;AV CAXANGA;;AV AFONSO OLINDENSE;;;VÁRZEA;;SUBURBIO;ABALROAMENTO LONGITUDINAL;ONIBUS METROPOLITANA X HYUNDAI SANTAFE;1;;;;;1;;;;0;;Cruzamento;Bom;Sem defeito;Perfeito estado;Seca;Perfeito estado;Faixa de pedestre;Outras;30 km/h;Dupla;Faixa contínua;;
2020-02-07;20:39:00;SEM VÍTIMA;FINALIZADA;TORRE;RUA MARQUES DE MARICA;187;;;RUA MARQUES DE MARICA;187;;TORRE;;SUBURBIO;ABALROAMENTO LONGITUDINAL;FIAT TORO X PRISMA;2;;;;;;;;;0;;Longo da via;Bom;Sem defeito;Perfeito estado;Seca;Perfeito estado;;;;Dupla;Faixa seccionada;;
2020-02-07;20:44:00;SEM VÍTIMA;FINALIZADA;TEJIPIÓ;AV DR JOSE RUFINO;;RUA DO SANCHO;ESTAÇÃO DE METRO TEJIPIO;AV DR JOSE RUFINO;;ESTAÇÃO DE METRO TEJIPIO;TEJIPIÓ;434;SUBURBIO;ABALROAMENTO LONGITUDINAL;ENTRE ONIBUS X AUTO PASSEIO S/V;1;;;;;1;;;;0;;Longo da via;Bom;Sem defeito;Perfeito estado;Seca;Perfeito estado;Faixa de pedestre;Outras;;Dupla;Faixa contínua;;
2020-02-07;21:28:00;SEM VÍTIMA;FINALIZADA;DERBY;AV GOVERNADOR AGAMENON MAGALHAES;;RUA AMAURI DE MEDEIROS;;AV GOVERNADOR AGAMENON MAGALHAES;;;DERBY;;;COLISÃO TRASEIRA;ENTRE AUTO PASSEIO X ONIBUS S/V;1;;;;;1;;;;0;;Longo da via;Bom;Não existe;Perfeito estado;Seca;Perfeito estado;Não existe;Não há placas;60 km/h;Dupla;Canal;;
2020-02-07;22:22:00;SEM VÍTIMA;FINALIZADA;CASA FORTE;AV FLOR DE SANTANA;357;AV DEZESSETE DE AGOSTO;BURGUER KING;AV FLOR DE SANTANA;357;BURGUER KING;CASA FORTE;614;;ABALROAMENTO LONGITUDINAL;ENTRE DOIS AUTOS S/V;2;;;;;;;;;0;;Longo da via;Bom;Sem defeito;Perfeito estado;Seca;Perfeito estado;Faixa de pedestre;Outras;;Dupla;Faixa seccionada;;
2020-02-07;23:42:00;SEM VÍTIMA;FINALIZADA;ÁGUA FRIA;RUA GUARUJA;;;E/F AO ESPETINHO DO BEU;RUA GUARUJA;;E/F AO ESPETINHO DO BEU;ÁGUA FRIA;;CIDADE;CHOQUE VEÍCULO PARADO;VOYAGE X ONIX;2;;;;;;;;;0;;Longo da via;Bom;Não existe;Não existente;Seca;Perfeito estado;Não existe;Não há placas;;Dupla;Não existe;;
2020-02-08;06:34:00;COM VÍTIMA;FINALIZADA;BOA VIAGEM;RUA CAPITAO ZUZINHA;400;RUA RIO AZUL;GALERIA RIO AZUL// RESTAURANTE MARINHOS BAR;RUA CAPITAO ZUZINHA;400;GALERIA RIO AZUL// RESTAURANTE MARINHOS BAR;BOA VIAGEM;;CIDADE;ABALROAMENTO LONGITUDINAL;COLISAO COM VÍTIMA. ENTRE VEICULO E MOTO;1;1;;;;;;;;1;;Cruzamento;Bom;Sem defeito;Perfeito estado;Seca;Perfeito estado;Não existe;;;Única;Não existe;;
2020-02-08;08:22:00;COM VÍTIMA;FINALIZADA;IPSEP;AV RECIFE;1470;;EM FRENTE AOPOSTO BR;AV RECIFE;1470;EM FRENTE AOPOSTO BR;IPSEP;;AEROPORTO;COLISÃO TRASEIRA;MOTO E AUTO;1;1;;;;;;;;1;;Longo da via;Bom;Não existe;Perfeito estado;Seca;Perfeito estado;Não existe;Outras;60 km/h;Dupla;Canteiro central;;
2020-02-08;09:08:00;SEM VÍTIMA;FINALIZADA;BOA VIAGEM;RUA DOS NAVEGANTES;3672;;;RUA DOS NAVEGANTES;3672;;BOA VIAGEM;;SUBURBIO;ABALROAMENTO LONGITUDINAL;COLISÃO S/VÍTIMAS ENTRE UM CAMINHÃO E UM AUTO;1;;;;;;1;;;0;;Longo da via;Bom;Não existe;Perfeito estado;Seca;Perfeito estado;Não existe;Não há placas;;Única;Não existe;;