data;hora;natureza_acidente;situacao;bairro;endereco;numero;detalhe_endereco_acidente;complemento;endereco_cruzamento;numero_cruzamento;referencia_cruzamento;bairro_cruzamento;num_semaforo;sentido_via;tipo;descricao;auto;moto;ciclom;ciclista;pedestre;onibus;caminhao;viatura;outros;vitimas;vitimasfatais;acidente_verificado;tempo_clima;situacao_semaforo;sinalizacao;condicao_via;conservacao_via;ponto_controle;situacao_placa;velocidade_max_via;mao_direcao;divisao_via1;divisao_via2;divisao_via3
2020-02-19;12:59:00;SEM VÍTIMA;CANCELADA;SANTO AMARO;AV MARIO MELO;;;E/F A ESCOLA CONEGO ROCHEL DE MEDEIROS;AV MARIO MELO;;E/F A ESCOLA CONEGO ROCHEL DE MEDEIROS;SANTO AMARO;;;COLISÃO;COLISAO SEM VÍTIMAS;2;;;;;;;;;0;;;;;;;;;;;;;;
2020-02-19;13:48:00;SEM VÍTIMA;FINALIZADA;BOA VISTA;RUA DOM BOSCO;;;E/F AO COLEGIO SALESIANO;RUA DOM BOSCO;;E/F AO COLEGIO SALESIANO;BOA VISTA;;CIDADE;COLISÃO;COLISAO SEM VÍTIMAS;2;;;;;;;;;0;;Longo da via;Bom;Não existe;Perfeito estado;Seca;Perfeito estado;Outros;Outras;;Única;Outros;;
2020-02-19;13:50:00;SEM VÍTIMA;FINALIZADA;VÁRZEA;RUA FRANCISCO LACERDA;;RUA FRANCISCO LACERDA;E/F A ESCOLA CRISTÃ;RUA FRANCISCO LACERDA;;E/F A ESCOLA CRISTÃ;VÁRZEA;;SUBURBIO;COLISÃO;COLISAO ENTRE DOIS AUTOS S/V VT 16 NO LOCAL;2;;;;;;;;;0;;Cruzamento;Bom;Não existe;Perfeito estado;Seca;Perfeito estado;Não existe;R-6a;;Dupla;Não existe;;
2020-02-19;14:02:00;SEM VÍTIMA;FINALIZADA;BOA VISTA;AV CONDE DA BOA VISTA;;;EM FRENTE A FARMACIA INDEPENDENTE/ SENTIDO AGAMENON;AV CONDE DA BOA VISTA;;EM FRENTE A FARMACIA INDEPENDENTE/ SENTIDO AGAMENON;BOA VISTA;23;;COLISÃO;COLISÃO SEM VÍTIMA;1;;;;;1;;;;0;;;Bom;Sem defeito;Perfeito estado;Seca;Perfeito estado;;;40 km/h;Única;Não existe;;
2020-02-19;14:06:00;SEM VÍTIMA;CANCELADA;IBURA;RUA RIO XINGU;180;;E/F A PANIFICADORA QUE PAO;RUA RIO XINGU;180;E/F A PANIFICADORA QUE PAO;IBURA;;;COLISÃO;COLISAO SEM VÍTIMAS;1;1;;;;;;;;0;;;;;;;;;;;;;;
2020-02-19;14:59:00;SEM VÍTIMA;FINALIZADA;PINA;AV ANTONIO DE GOES;60;;AO LADO DO JCPM;AV ANTONIO DE GOES;60;AO LADO DO JCPM;PINA;226;CIDADE;COLISÃO;COLISAO ENTRE DOIS AUTOS S/V;2;;;;;;;;;0;;Longo da via;Bom;Sem defeito;Perfeito estado;Seca;Perfeito estado;Faixa de pedestre;Outras;60 km/h;Única;Faixa seccionada;;
2020-02-19;15:41:00;SEM VÍTIMA;FINALIZADA;BOA VISTA;RUA DAS FRONTEIRAS;76;;EM FRENTE A URGENCIA DO MEMORIAL SÃO JOSÉ;RUA DAS FRONTEIRAS;76;EM FRENTE A URGENCIA DO MEMORIAL SÃO JOSÉ;BOA VISTA;;SUBURBIO;COLISÃO;COLISÃO SEM VÍTIMA;2;;;;;;;;;0;;Longo da via;Bom;Não existe;Incompleta;Seca;Perfeito estado;Não existe;Outras;;Única;Não existe;;
2020-02-19;17:04:00;SEM VÍTIMA;FINALIZADA;BONGI;AV CONSUL VILARES FRAGOSO;374;;PROX A CELPE;AV CONSUL VILARES FRAGOSO;374;PROX A CELPE;BONGI;;SUBURBIO;COLISÃO;COLISAO SEM VÍTIMAS;1;1;;;;;;;;0;;Cruzamento;Bom;Não existe;Perfeito estado;Seca;Mal conservada;Não existe;R-6a;30 km/h;Dupla;Faixa seccionada;;
2020-02-19;17:06:00;SEM VÍTIMA;FINALIZADA;PINA;AV ANTONIO DE GOES;;;E/F PRFS/T CID;AV ANTONIO DE GOES;;E/F PRFS/T CID;PINA;;CIDADE;COLISÃO;COLISAO ENTRE DOIS AUTOS S/V;2;;;;;;;;;0;;Longo da via;Bom;Não existe;Perfeito estado;Seca;Perfeito estado;Não existe;Placas Pare;40 km/h;Única;Não existe;;
2020-02-19;17:14:00;SEM VÍTIMA;DUPLICIDADE;BONGI;AV CONSUL VILARES FRAGOSO;269;;PROXIMO AO RESIDENCIAL MORADA RECIFE;AV CONSUL VILARES FRAGOSO;269;PROXIMO AO RESIDENCIAL MORADA RECIFE;BONGI;;;COLISÃO;COLISÃO SEM VÍTIMA;1;1;;;;;;;;0;;;;;;;;;;;;;;
2020-02-19;17:14:00;SEM VÍTIMA;FINALIZADA;VÁRZEA;RUA GENERAL POLIDORO;397;;PROX A PADARIA DELICATESSEN;RUA GENERAL POLIDORO;397;PROX A PADARIA DELICATESSEN;VÁRZEA;577;SUBURBIO;COLISÃO;COLISAO SEM VÍTIMAS;1;;;;;;1;;;0;;Longo da via;Bom;Sem defeito;Perfeito estado;Seca;Perfeito estado;Faixa de pedestre;Outras;;Dupla;Não existe;;
2020-02-19;17:28:00;SEM VÍTIMA;FINALIZADA;CASA AMARELA;RUA DA HARMONIA;;;PROX A IGREJA DA HARMONIA;RUA DA HARMONIA;;PROX A IGREJA DA HARMONIA;CASA AMARELA;598;SUBURBIO;COLISÃO;COLISAO SEM VÍTIMAS;1;;;;;1;;;;0;;Esquina;Bom;Sem defeito;Perfeito estado;Seca;Perfeito estado;Faixa de retenção;Outras;;Dupla;Não existe;;
2020-02-19;17:40:00;SEM VÍTIMA;FINALIZADA;BOA VISTA;AV GOVERNADOR AGAMENON MAGALHAES;;;E/F AO CLUBE PORTUGUES;AV GOVERNADOR AGAMENON MAGALHAES;;E/F AO CLUBE PORTUGUES;BOA VISTA;;;COLISÃO;COLISAO SEM VÍTIMAS;2;;;;;;;;;0;;Cruzamento;Bom;Sem defeito;Perfeito estado;Seca;Perfeito estado;Faixa de pedestre;;60 km/h;Dupla;Canal;;
2020-02-19;18:15:00;SEM VÍTIMA;FINALIZADA;PINA;AV ANTONIO DE GOES;449;RUA MIRANDA FALCAO;ENF A LG //PROX A ICONNECT ASSISTENCIA TECNICA;AV ANTONIO DE GOES;449;ENF A LG //PROX A ICONNECT ASSISTENCIA TECNICA;PINA;277;CIDADE;COLISÃO;GOL X MOTO HONDA CG 160;1;1;;;;;;;;0;;Longo da via;Bom;Sem defeito;Perfeito estado;Seca;Perfeito estado;Agente;Placas Pare;60 km/h;Única;Canteiro central;;
2020-02-19;18:33:00;SEM VÍTIMA;FINALIZADA;TAMARINEIRA;RUA CONEGO BARATA;571;;ENF A MANA DELICATESSEN;RUA CONEGO BARATA;571;ENF A MANA DELICATESSEN;TAMARINEIRA;;;COLISÃO;GOL X ONIX OBS:: SUSPEITA DE EMBRIAGUES O MOTORISTA ESTA MUITO ALTERADO;2;;;;;;;;;0;;Longo da via;Bom;Sem defeito;Perfeito estado;Seca;Perfeito estado;Não existe;Outras;;Dupla;Faixa seccionada;;
2020-02-19;18:42:00;COM VÍTIMA;FINALIZADA;PINA;AV ENGENHEIRO DOMINGOS FERREIRA;;RUA PEREIRA DA COSTA;ENF AO CLINICAL CENTER;AV ENGENHEIRO DOMINGOS FERREIRA;;ENF AO CLINICAL CENTER;PINA;142;SUBURBIO;COLISÃO TRASEIRA;MMC/L200 MITSUBISHI X FAN 160;1;1;;;;;;;;1;;Cruzamento;Bom;Sem defeito;Perfeito estado;Seca;Perfeito estado;Faixa de pedestre;Não há placas;;Única;Faixa seccionada;Canteiro central;
2020-02-19;18:59:00;COM VÍTIMA;FINALIZADA;IPSEP;RUA HELIO BRANDAO;362;RUA SAO NICOLAU;PROX A V8 VEICULOS;RUA HELIO BRANDAO;362;PROX A V8 VEICULOS;IPSEP;565;;COLISÃO;COLISAO COM VÍTIMAS;;1;;;;;1;;;1;;Cruzamento;Bom;Sem defeito;Perfeito estado;Seca;Perfeito estado;Faixa de pedestre;Outras;;Única;Não existe;;
2020-02-19;19:28:00;SEM VÍTIMA;FINALIZADA;TAMARINEIRA;RUA CONEGO BARATA;571;;PROX A FERREIRA COSTA;RUA CONEGO BARATA;571;PROX A FERREIRA COSTA;TAMARINEIRA;;SUBURBIO;COLISÃO;COLISAO SEM VÍTIMAS;2;;;;;;;;;0;;Longo da via;Bom;Não existe;Perfeito estado;Seca;Perfeito estado;Outros;Outras;;Dupla;Blocos;;
2020-02-19;19:52:00;SEM VÍTIMA;FINALIZADA;BOA VISTA;RUA DO HOSPICIO;940;;AO LADO DA CAIXA ECONOMICA FEDERAL;RUA DO HOSPICIO;940;AO LADO DA CAIXA ECONOMICA FEDERAL;BOA VISTA;;CIDADE;COLISÃO;MOBI X VIRTUS;2;;;;;;;;;0;;Longo da via;Bom;Sem defeito;Perfeito estado;Seca;Perfeito estado;Faixa de pedestre;Não há placas;40 km/h;Dupla;Faixa contínua;;
2020-02-19;20:13:00;SEM VÍTIMA;FINALIZADA;PAISSANDU;AV GOVERNADOR AGAMENON MAGALHAES;4760;RUA PAISSANDU;ENF. AO HOSPITAL PORTUGUES // SENTIDO BOA VIAGEM;AV GOVERNADOR AGAMENON MAGALHAES;4760;ENF. AO HOSPITAL PORTUGUES // SENTIDO BOA VIAGEM;PAISSANDU;69;SUBURBIO;COLISÃO;KILD X HILUX;2;;;;;;;;;0;;Longo da via;Chuvoso;Sem defeito;Perfeito estado;Molhada;Perfeito estado;Faixa de pedestre;Outras;60 km/h;Única;Faixa seccionada;;
2020-02-19;20:13:00;SEM VÍTIMA;FINALIZADA;SANTO ANTÔNIO;AV MARTINS DE BARROS;;;ENF. AO MINISTERIO PUBLICO DE PE.;AV MARTINS DE BARROS;;ENF. AO MINISTERIO PUBLICO DE PE.;SANTO ANTÔNIO;;CIDADE;COLISÃO;FIAT TORO X ONIBUS CAXANGA;1;;;;;1;;;;0;;Longo da via;Bom;Sem defeito;Perfeito estado;Seca;Perfeito estado;Não existe;Outras;;Única;Faixa seccionada;;
2020-02-19;20:41:00;SEM VÍTIMA;FINALIZADA;ENCRUZILHADA;RUA DONA ELVIRA;194;RUA DONA ELVIRA;PROX A QUITANDARIA;RUA DONA ELVIRA;194;PROX A QUITANDARIA;ENCRUZILHADA;;SUBURBIO;COLISÃO;COLISAO SEM VÍTIMAS;2;;;;;;;;;0;;Cruzamento;Bom;Não existe;Ilegível;Seca;Mal iluminada;Não existe;Placas Pare;;Dupla;Não existe;;
2020-02-19;21:41:00;SEM VÍTIMA;FINALIZADA;CASA FORTE;AV DEZESSETE DE AGOSTO;;;E/F A PRAÇA DE CASA FORTE;AV DEZESSETE DE AGOSTO;;E/F A PRAÇA DE CASA FORTE;CASA FORTE;372;CIDADE;COLISÃO;COLISAO SEM VÍTIMAS;2;1;;;;;;;;0;;Longo da via;Chuvoso;Sem defeito;Perfeito estado;Molhada;Perfeito estado;Faixa de pedestre;R-6a;;Dupla;Faixa seccionada;;
2020-02-19;22:15:00;COM VÍTIMA;CANCELADA;SÃO JOSÉ;AV SUL;;;POR BAIXO DO VIADUTO CAPITAO TEMUDO;AV SUL;;POR BAIXO DO VIADUTO CAPITAO TEMUDO;SÃO JOSÉ;;;ATROPELAMENTO;MOTO E PEDESTRE;;1;;;1;;;;;2;;;;;;;;;;;;;;
2020-02-20;06:36:00;SEM VÍTIMA;FINALIZADA;TAMARINEIRA;EST VELHA DE AGUA FRIA;999;EST VELHA DE AGUA FRIA;E/F AO DNOCS;EST VELHA DE AGUA FRIA;999;E/F AO DNOCS;TAMARINEIRA;306;;COLISÃO;COLISÃO S/VÍTIMAS ENTRE DOIS AUTOS;2;;;;;;;;;0;;Cruzamento;Chuvoso;Desligado;Perfeito estado;Molhada;Perfeito estado;Faixa de pedestre;Não há placas;;Dupla;Blocos;;
2020-02-20;07:35:00;SEM VÍTIMA;FINALIZADA;ILHA DO LEITE;RUA ANTONIO GOMES DE FREITAS;;PRC MIGUEL DE CERVANTES;EMFRENTE APRAÇAMIGUELDE CERVANTES;RUA ANTONIO GOMES DE FREITAS;;EMFRENTE APRAÇAMIGUELDE CERVANTES;ILHA DO LEITE;;CIDADE;COLISÃO;COLISÃOSEMVÍTIMAS;2;;;;;;;;;0;;Cruzamento;Chuvoso;Não existe;Perfeito estado;Molhada;Perfeito estado;Faixa de pedestre;Placas Pare;;Única;Faixa seccionada;;
2020-02-20;07:51:00;COM VÍTIMA;FINALIZADA;IMBIRIBEIRA;AV MARECHAL MASCARENHAS DE MORAES;3930;;E/F A O LOCALIZA;AV MARECHAL MASCARENHAS DE MORAES;3930;E/F A O LOCALIZA;IMBIRIBEIRA;218;CIDADE;COLISÃO COM CICLISTA;COLISÃO C/VÍTIMAS ENTRE UMA MOTO E UMA BICICLETA;;1;;1;;;;;;2;;Longo da via;Bom;Sem defeito;Perfeito estado;Seca;Perfeito estado;Faixa de pedestre;Outras;;;Canteiro central;;
2020-02-20;08:10:00;SEM VÍTIMA;FINALIZADA;IPUTINGA;RUA LEAL DE BARROS;610;;RESIDENCIA PROX AOBARDONANICE;RUA LEAL DE BARROS;610;RESIDENCIA PROX AOBARDONANICE;IPUTINGA;;CIDADE;COLISÃO;COLISÃOSEMVÍTIMAS;2;;;;;;;;;0;;Longo da via;Nublado;Não existe;Não existente;Seca;Outros;Não existe;Não há placas;;Dupla;Não existe;;
2020-02-20;08:15:00;SEM VÍTIMA;FINALIZADA;ILHA DO RETIRO;AV BEIRA RIO;400;;100 METROS APÓS O EDF. MARIA TERESA COELHO;AV BEIRA RIO;400;100 METROS APÓS O EDF. MARIA TERESA COELHO;ILHA DO RETIRO;;SUBURBIO;COLISÃO;COLISÃO S/ VÍTIMAS ENTRE DOIS AUTOS, SEGUIDA DE CAPOTAMENTO // USUÁRIO INFORMA ESCORIAÇÕES, NO ENTANTO, NÃO ACIONARÃO O SAMU;2;;;;;;;;;0;;Longo da via;Bom;Sem defeito;Perfeito estado;Seca;Perfeito estado;Não existe;Não há placas;;Dupla;Faixa seccionada;;
2020-02-20;08:16:00;SEM VÍTIMA;FINALIZADA;IBURA;RUA BABILONIA;100;;UR03 PROX APADARIATRIGODEOURO EMFRENTEAESCOLAMARCOSFREIRE;RUA BABILONIA;100;UR03 PROX APADARIATRIGODEOURO EMFRENTEAESCOLAMARCOSFREIRE;IBURA;;;COLISÃO;COLISÃO SEMVÍTIMAS;2;;;;;;;;;0;;Longo da via;Bom;Não existe;Não existente;Seca;Perfeito estado;Não existe;Não há placas;;Dupla;Não existe;;
2020-02-20;08:17:00;SEM VÍTIMA;FINALIZADA;SANTO AMARO;AV PREFEITO ARTUR LIMA CAVALCANTI;;;POR TRAS DO HOSPITAL DA MARINHA;AV PREFEITO ARTUR LIMA CAVALCANTI;;POR TRAS DO HOSPITAL DA MARINHA;SANTO AMARO;;SUBURBIO;COLISÃO;CAMINHÃO E AUTOBATEDORES NO LOCAL;1;;;;;;1;;;0;;Longo da via;Chuvoso;Não existe;Perfeito estado;Seca;Perfeito estado;Não existe;Não há placas;;Única;Não existe;;
2020-02-20;08:41:00;COM VÍTIMA;FINALIZADA;BONGI;RUA CARLOS GOMES;914;RUA PADRE TEOFILO TWORZ;EM FRENTE AO CANAL / PROX AO CENTRO DE SAUDE ROMERO MARQUES;RUA CARLOS GOMES;914;EM FRENTE AO CANAL / PROX AO CENTRO DE SAUDE ROMERO MARQUES;BONGI;;SUBURBIO;COLISÃO;AUTO E MOTO;1;1;;;;;;;;1;;Cruzamento;Bom;Não existe;Incompleta;Seca;Perfeito estado;Não existe;Não há placas;;Única;Faixa seccionada;;
2020-02-20;08:42:00;SEM VÍTIMA;FINALIZADA;IMBIRIBEIRA;AV MARECHAL MASCARENHAS DE MORAES;1919;;E/F AO JUIZADO ESPECIAIS DO RECIFE (SENT. AFOGADOS);AV MARECHAL MASCARENHAS DE MORAES;1919;E/F AO JUIZADO ESPECIAIS DO RECIFE (SENT. AFOGADOS);IMBIRIBEIRA;;CIDADE;COLISÃO;COLISÃO S/VÍTIMAS ENTRE DOIS AUTOS;2;;;;;;;;;0;;Longo da via;Nublado;Não existe;Perfeito estado;Seca;Perfeito estado;Não existe;Não há placas;30 km/h;Única;Não existe;;
2020-02-20;08:48:00;SEM VÍTIMA;FINALIZADA;ENCRUZILHADA;EST DE BELEM;115;RUA DOMINGOS BASTOS;AO LADO DA IGREJA CATÓLICA DA EST DE BELEM;EST DE BELEM;115;AO LADO DA IGREJA CATÓLICA DA EST DE BELEM;ENCRUZILHADA;;SUBURBIO;COLISÃO;COLISÃO S/VÍTIMAS ENTRE UM CAMINHÃO E UM AUTO;1;;;;;;1;;;0;;Longo da via;Bom;Não existe;Perfeito estado;Seca;Perfeito estado;Não existe;Não há placas;;Dupla;Faixa contínua;;
2020-02-20;08:49:00;COM VÍTIMA;FINALIZADA;SANTO AMARO;AV GOVERNADOR AGAMENON MAGALHAES;;;EM FRENTE A UPE SENT. OLINDA. LADO OPOSTO AO POSTO DE COMBUSTÍVEL BR;AV GOVERNADOR AGAMENON MAGALHAES;;EM FRENTE A UPE SENT. OLINDA. LADO OPOSTO AO POSTO DE COMBUSTÍVEL BR;SANTO AMARO;378;OLINDA;COLISÃO TRASEIRA;DOIS AUTOS E MOTO;2;1;;;;;;;;1;;Longo da via;Bom;Sem defeito;Perfeito estado;Seca;Perfeito estado;Faixa de pedestre;Não há placas;60 km/h;Única;Faixa seccionada;;
2020-02-20;08:54:00;SEM VÍTIMA;FINALIZADA;DERBY;AV GOVERNADOR AGAMENON MAGALHAES;;AV RUI BARBOSA;EM FRENTE AO TRE;AV GOVERNADOR AGAMENON MAGALHAES;;EM FRENTE AO TRE;DERBY;37;CIDADE;COLISÃO;DOIS AUTOS ;2;;;;;;;;;0;;Longo da via;Bom;Sem defeito;Perfeito estado;Seca;Perfeito estado;Faixa de retenção;Outras;60 km/h;Única;Faixa contínua;;
2020-02-20;10:22:00;SEM VÍTIMA;FINALIZADA;JARDIM SÃO PAULO;AV RECIFE;;AV JOAO CABRAL DE MELO NETO;EM FRENTECERPE;AV RECIFE;;EM FRENTECERPE;JARDIM SÃO PAULO;259;SUBURBIO;COLISÃO;TRES AUTOS;3;;;;;;;;;0;;Cruzamento;Bom;Sem defeito;Perfeito estado;Seca;Perfeito estado;Faixa de pedestre;Outras;60 km/h;Dupla;Canteiro central;;
2020-02-20;10:44:00;SEM VÍTIMA;FINALIZADA;CABANGA;AV SATURNINO DE BRITO;472;;E/F A COMPESA;AV SATURNINO DE BRITO;472;E/F A COMPESA;CABANGA;661;;COLISÃO;COLISÃO S/VÍTIMAS ENTRE UM CAMINHÃO E UM AUTO;1;;;;;;1;;;0;;Longo da via;Bom;Não existe;Perfeito estado;Seca;Perfeito estado;Não existe;Não há placas;40 km/h;Única;Não existe;;
2020-02-20;10:54:00;SEM VÍTIMA;FINALIZADA;ESTÂNCIA;AV RECIFE;5516;;EMFRENTELOJAMESTREDASBATERIAS;AV RECIFE;5516;EMFRENTELOJAMESTREDASBATERIAS;ESTÂNCIA;;;COLISÃO;COLISÃOSEMVÍTIMAS;1;;;;;;1;;;0;;Longo da via;Bom;Não existe;Incompleta;Seca;Perfeito estado;Não existe;Outras;60 km/h;Dupla;Canteiro central;;
2020-02-20;10:55:00;SEM VÍTIMA;CANCELADA;ARRUDA;RUA DAS MOCAS;187;;VIA RESIDENCIAL;RUA DAS MOCAS;187;VIA RESIDENCIAL;ARRUDA;;;COLISÃO;COLISÃO S/VÍTIMAS ENTRE DOIS AUTOS;2;;;;;;;;;0;;;;;;;;;;;;;;
2020-02-20;11:41:00;COM VÍTIMA;FINALIZADA;MADALENA;RUA BENFICA;411;;EM FRENTE A PRAÇA DO CLUBE INTERNACIONAL;RUA BENFICA;411;EM FRENTE A PRAÇA DO CLUBE INTERNACIONAL;MADALENA;590;CIDADE;COLISÃO TRASEIRA;MOTO E AUTO;1;1;;;;;;;;1;;Cruzamento;Bom;Sem defeito;Perfeito estado;Seca;Perfeito estado;Faixa de pedestre;;60 km/h;Única;;;
2020-02-20;11:58:00;COM VÍTIMA;FINALIZADA;TORRE;RUA REAL DA TORRE;308;;EM FRENTE A JÚNIOR EQUIPADORA;RUA REAL DA TORRE;308;EM FRENTE A JÚNIOR EQUIPADORA;TORRE;179;ABDIAS;ABALROAMENTO LONGITUDINAL;ONIBUS E CAMINHÃO;;;;;;1;1;;;1;;Longo da via;Bom;Sem defeito;Perfeito estado;Seca;Perfeito estado;Agente;;;Única;Faixa seccionada;Canteiro central;
2020-02-20;12:17:00;SEM VÍTIMA;FINALIZADA;CAMPO GRANDE;RUA JERONIMO VILELA;272;;EM FRENTE A GALERIA SANTA TERESINHA;RUA JERONIMO VILELA;272;EM FRENTE A GALERIA SANTA TERESINHA;CAMPO GRANDE;565;SUBURBIO;COLISÃO;COLISÃO SEM VÍTIMA;3;;;;;;;;;0;;Longo da via;Bom;Não existe;Perfeito estado;Seca;Perfeito estado;Não existe;R-6a;;Dupla;Faixa seccionada;;
2020-02-20;12:21:00;SEM VÍTIMA;FINALIZADA;BOA VISTA;AV LINS PETIT;790;;AO LADO DO EMPRESARIAL SA LEITÃO E EM FRENTE AO STYLLUS;AV LINS PETIT;790;AO LADO DO EMPRESARIAL SA LEITÃO E EM FRENTE AO STYLLUS;BOA VISTA;;SUBURBIO;COLISÃO;COLISÃO SEM VÍTIMA;2;;;;;;;;;0;;Longo da via;Chuvoso;Não existe;;Molhada;Perfeito estado;Não existe;Não há placas;;Única;Faixa seccionada;;
2020-02-20;12:37:00;COM VÍTIMA;FINALIZADA;PINA;PTE AGAMENON MAGALHAES;;;EM CIMA DA PONTE DO PINA S/TCIDPROX AO RESTAURANTE BARGAÇO;PTE AGAMENON MAGALHAES;;EM CIMA DA PONTE DO PINA S/TCIDPROX AO RESTAURANTE BARGAÇO;PINA;;CIDADE;COLISÃO TRASEIRA;COLISAO ENTRE AUTO E MOTO COM UMA VÍTIMA;1;1;;;;;;;;1;;Ponte;Chuvoso;Não existe;Perfeito estado;Molhada;Perfeito estado;;;60 km/h;Única;Canteiro central;;
2020-02-20;13:00:00;COM VÍTIMA;FINALIZADA;JORDÃO;AV CENTENARIO ALBERTO SANTOS DUMONT;261;;EMPRESA MINUSA;AV CENTENARIO ALBERTO SANTOS DUMONT;261;EMPRESA MINUSA;JORDÃO;;SUBURBIO;ABALROAMENTO LONGITUDINAL;COLISAO COM VÍTIMA ENTRE CARRO E MOTO;1;1;;;;;;;;1;;Longo da via;Bom;Não existe;Perfeito estado;Seca;Perfeito estado;Não existe;R-6a;;Dupla;Faixa contínua;;
2020-02-20;13:06:00;SEM VÍTIMA;FINALIZADA;BOA VIAGEM;RUA PROFESSOR MARIO CASTRO;192;;EM FRENTE AO EDIFICIO SAINT DENIS;RUA PROFESSOR MARIO CASTRO;192;EM FRENTE AO EDIFICIO SAINT DENIS;BOA VIAGEM;;;COLISÃO;COLISÃO SEM VÍTIMA;2;;;;;;;;;0;;Longo da via;Chuvoso;Não existe;Incompleta;Molhada;Perfeito estado;Não existe;Outras;;Dupla;Não existe;;
2020-02-20;13:09:00;COM VÍTIMA;FINALIZADA;BOA VISTA;RUA AURORA;;RUA JOAO LIRA;AO LADO DA COMPESA;RUA AURORA;;AO LADO DA COMPESA;BOA VISTA;;;ABALROAMENTO TRANSVERSAL;COLISAO ENTRE AUTO E MOTO COM UMA VÍTIMA;1;1;;;;;;;;1;;Esquina;Chuvoso;Não existe;Incompleta;Molhada;Mal conservada;Não existe;Outras;;Única;Canteiro central;;
2020-02-20;13:11:00;SEM VÍTIMA;CANCELADA;GRAÇAS;AV SANTOS DUMONT;;RUA ALBERTO PAIVA;COLEGIO MARISTA SAO LUIS, PORTAO DE TRAS DO COLEGIO;AV SANTOS DUMONT;;COLEGIO MARISTA SAO LUIS, PORTAO DE TRAS DO COLEGIO;GRAÇAS;;;COLISÃO;COLISAO S/ VÍTIMA. ENTRE DOIS VEICULOS;2;;;;;;;;;0;;;;;;;;;;;;;;
2020-02-20;13:34:00;SEM VÍTIMA;FINALIZADA;TORRE;PRC PROFESSOR BARRETO CAMPELLO;20;;EM FRENTE A PRAÇA CITADA NO ENDEREÇO;PRC PROFESSOR BARRETO CAMPELLO;20;EM FRENTE A PRAÇA CITADA NO ENDEREÇO;TORRE;;CIDADE;COLISÃO;COLISÃO SEM VÍTIMA;2;;;;;;;;;0;;Longo da via;Bom;Sem defeito;Perfeito estado;Seca;Perfeito estado;Não existe;Não há placas;;Dupla;Faixa contínua;;
2020-02-20;13:48:00;SEM VÍTIMA;FINALIZADA;IMBIRIBEIRA;RUA ARQUITETO LUIZ NUNES;172;RUA DEOLINDO TAVARES;PROX A ESCOLA DE ENFERMAGEM SAO CAETANO;RUA ARQUITETO LUIZ NUNES;172;PROX A ESCOLA DE ENFERMAGEM SAO CAETANO;IMBIRIBEIRA;;SUBURBIO;COLISÃO;COLISAO ENTRE AUTO E AMBULANCIA;1;;;;;;;;1;0;;Cruzamento;Chuvoso;Não existe;Perfeito estado;Molhada;Perfeito estado;Não existe;R-6a;40 km/h;Única;Faixa seccionada;;
2020-02-20;13:57:00;SEM VÍTIMA;FINALIZADA;TEJIPIÓ;AV DR JOSE RUFINO;367;;CLINICA AQUI DR;AV DR JOSE RUFINO;367;CLINICA AQUI DR;TEJIPIÓ;285;SUBURBIO;COLISÃO;COLISAO S/ VÍTIMA ENTRE DOIS VEICULOS;2;;;;;;;;;0;;Longo da via;Chuvoso;Não existe;Perfeito estado;Molhada;Perfeito estado;Não existe;Não há placas;;Dupla;Faixa contínua;;
2020-02-20;14:04:00;SEM VÍTIMA;FINALIZADA;PARNAMIRIM;RUA SEBASTIAO ALVES;74;;PROX AO HOSPITAL AGAMENON MAGALHAES;RUA SEBASTIAO ALVES;74;PROX AO HOSPITAL AGAMENON MAGALHAES;PARNAMIRIM;;SUBURBIO;COLISÃO;COLISAOENTRE DOIS AUTOS S/V;2;;;;;;;;;0;;Longo da via;Bom;Não existe;Perfeito estado;Seca;Perfeito estado;Não existe;Não há placas;;Única;Não existe;;
2020-02-20;14:06:00;SEM VÍTIMA;CANCELADA;BOA VIAGEM;AV BOA VIAGEM;;RUA ATLANTICO;RESTAURANTE ENTRE AMIGOS PRAIA;AV BOA VIAGEM;;RESTAURANTE ENTRE AMIGOS PRAIA;BOA VIAGEM;;PINA;COLISÃO;COLISAO S/ VÍTIMA ENTRE DOIS VEICULOS;2;;;;;;;;;0;;;;;;;;;;;;;;