data;hora;natureza_acidente;situacao;bairro;endereco;numero;detalhe_endereco_acidente;complemento;endereco_cruzamento;numero_cruzamento;referencia_cruzamento;bairro_cruzamento;num_semaforo;sentido_via;tipo;descricao;auto;moto;ciclom;ciclista;pedestre;onibus;caminhao;viatura;outros;vitimas;vitimasfatais;acidente_verificado;tempo_clima;situacao_semaforo;sinalizacao;condicao_via;conservacao_via;ponto_controle;situacao_placa;velocidade_max_via;mao_direcao;divisao_via1;divisao_via2;divisao_via3
2020-02-21;19:46:00;SEM VÍTIMA;FINALIZADA;IPUTINGA;RUA CERES;;AV PROFESSOR MORAES REGO;;RUA CERES;;;IPUTINGA;;SUBURBIO;ABALROAMENTO LONGITUDINAL;LOGAN X MOTO BROS C/V, APÓS A VIATURA CHEGAR AO LOCAL O SOLICITANTE ENTROU EM CONTATO INFORMANDO QUE A VÍTIMA NÃO IRIA SOLICITAR SOCORRO E NÃO IRIA SE DIRIGIR A UM HOSPITAL,, O MESMO INFORMOU QUE ERA PARA EU TIRA A VÍTIMA E DEIXAR A COLISÃO COMO SEM VÍTIMA;1;1;;;;;;;;0;;;Bom;Não existe;Incompleta;Seca;Perfeito estado;Não existe;Não há placas;;Dupla;Não existe;;
2020-02-21;20:33:00;SEM VÍTIMA;FINALIZADA;CORDEIRO;RUA GOMES TABORDA;624;;EM FRENTE A DROGASIL;RUA GOMES TABORDA;624;EM FRENTE A DROGASIL;CORDEIRO;67;;COLISÃO TRASEIRA;COLISÃO ENTRE DOIS AUTOS S/V;2;;;;;;;;;0;;Longo da via;Bom;Sem defeito;Perfeito estado;Seca;Perfeito estado;Faixa de pedestre;Outras;;Dupla;Faixa contínua;;
2020-02-21;21:01:00;COM VÍTIMA;CANCELADA;IMBIRIBEIRA;AV MARECHAL MASCARENHAS DE MORAES;;;EM FRENTE AO GERALDÃO;AV MARECHAL MASCARENHAS DE MORAES;;EM FRENTE AO GERALDÃO;IMBIRIBEIRA;;CIDADE;CHOQUE;VEÍCULO CHOCOU-SE NO GRADIL DO GERALDÃO C/V, OBSERVAÇÃO: A SOLICITANTE NÃO SABIA AO CERTO QUANTAS VITÍMAS FORAM E NÃO SABIA CONFIRMAR SE A VÍTIMA FOI FATAL, POIS NÃO ESTAVA CONSEGUINDO ENTRAR EM CONTATO COM O EFETIVO QUE ESTÁ NO LOCAL DA OCORRÊNCIA, PARA PEGAR AS INFORMAÇÕES DA QUANTIDADE DE VÍTIMA E PLACA DO VEÍCULO;1;;;;;;;;;1;;;;;;;;;;;;;;
2020-02-21;21:15:00;COM VÍTIMA;FINALIZADA;ENCRUZILHADA;AV BEBERIBE;600;RUA DR EDUARDO WANDERLEY;ENF A FERREIRA PINTO;AV BEBERIBE;600;ENF A FERREIRA PINTO;ENCRUZILHADA;;SUBURBIO;ABALROAMENTO LONGITUDINAL;DUAS MOTOS ( XRE X HONDA CB);;2;;;;;;;;2;;Esquina;Bom;Sem defeito;Perfeito estado;Seca;Perfeito estado;;Não há placas;40 km/h;Dupla;Faixa contínua;;
2020-02-21;22:37:00;SEM VÍTIMA;CANCELADA;BOA VIAGEM;RUA ANTONIO DE SA LEITAO;254;;EM FRENTE A ACADEMIA TOP FIT;RUA ANTONIO DE SA LEITAO;254;EM FRENTE A ACADEMIA TOP FIT;BOA VIAGEM;;;COLISÃO;COLISÃO ENTRE CAMINHÃO E AUTO S/V;2;;;;;;;;;0;;;;;;;;;;;;;;
2020-02-21;22:45:00;SEM VÍTIMA;FINALIZADA;CAMPO GRANDE;EST DE BELEM;1838;;;EST DE BELEM;1838;;CAMPO GRANDE;;SUBURBIO;COLISÃO FRONTAL;AMBULANCIA X CLASSIC;2;;;;;;;;;0;;Cruzamento;Bom;Não existe;Ilegível;Seca;Mal iluminada;;Não há placas;;Dupla;;;
2020-02-22;01:50:00;SEM VÍTIMA;CANCELADA;BAIRRO DO RECIFE;AV ALFREDO LISBOA;;;EM FRENTE AO TRT;AV ALFREDO LISBOA;;EM FRENTE AO TRT;BAIRRO DO RECIFE;;;COLISÃO;COLISÃO ENTRE DOIS AUTOS S/V;2;;;;;;;;;0;;;;;;;;;;;;;;
2020-02-22;03:29:00;SEM VÍTIMA;CANCELADA;ILHA DO RETIRO;AV ENGENHEIRO ABDIAS DE CARVALHO;;;EM FRENTE A ILHA DO RETIRO;AV ENGENHEIRO ABDIAS DE CARVALHO;;EM FRENTE A ILHA DO RETIRO;ILHA DO RETIRO;355;;COLISÃO;;2;;;;;;;;;0;;;;;;;;;;;;;;
2020-02-22;06:57:00;COM VÍTIMA;FINALIZADA;CASA AMARELA;RUA PAULA BATISTA;;RUA MAJOR NEREU GUERRA;PROX. A IGREJA DA HARMONIA;RUA PAULA BATISTA;;PROX. A IGREJA DA HARMONIA;CASA AMARELA;136;SUBURBIO;COLISÃO COM CICLISTA;AUTO E CICLISTA;1;;;1;;;;;;1;;Cruzamento;Chuvoso;Sem defeito;Perfeito estado;Molhada;Perfeito estado;Faixa de pedestre;R-31;;Dupla;Não existe;;
2020-02-22;07:06:00;SEM VÍTIMA;FINALIZADA;DERBY;AV GOVERNADOR AGAMENON MAGALHAES;;RUA JAGUAPITA;;AV GOVERNADOR AGAMENON MAGALHAES;;;DERBY;;CIDADE;CHOQUE OBJETO FIXO;AUTO CHOCOU-SE COM POSTE;1;;;;;;;;;0;;Longo da via;Bom;Sem defeito;Perfeito estado;Seca;Perfeito estado;;;;Única;Faixa seccionada;;
2020-02-22;07:45:00;COM VÍTIMA;FINALIZADA;PARNAMIRIM;RUA JOAO TUDE DE MELO;91;RUA VIRGINIA LORETO;EMBAIXODO SEMAFORO 649EMFRENTEAOGUAIAMUMGIGANTE;RUA JOAO TUDE DE MELO;91;EMBAIXODO SEMAFORO 649EMFRENTEAOGUAIAMUMGIGANTE;PARNAMIRIM;649;SUBURBIO;ABALROAMENTO TRANSVERSAL;COLISÃOCOMVÍTIMA AESPERADOSAMU;1;1;;;;;;;;1;;Longo da via;Bom;Sem defeito;Perfeito estado;Seca;Perfeito estado;Faixa de pedestre;Não há placas;;Dupla;Canal;;
2020-02-22;10:30:00;SEM VÍTIMA;FINALIZADA;AFOGADOS;EST DOS REMEDIOS;957;RUA CORONEL ALFREDO DUARTE;;EST DOS REMEDIOS;957;;AFOGADOS;;CIDADE;ABALROAMENTO LONGITUDINAL;COLISAO SEM VÍTIMAS;2;;;;;;;;;0;;;Nublado;Não existe;Incompleta;Seca;Perfeito estado;Não existe;R-6a;;Única;Faixa seccionada;;
2020-02-22;10:36:00;SEM VÍTIMA;FINALIZADA;GRAÇAS;AV CONS ROSA E SILVA;502;;EM FRENTE AO EDFISAAC GONDIM;AV CONS ROSA E SILVA;502;EM FRENTE AO EDFISAAC GONDIM;GRAÇAS;;SUBURBIO;CHOQUE VEÍCULO PARADO;DOIS AUTOS;2;;;;;;;;;0;;Longo da via;Bom;Não existe;Perfeito estado;Seca;Perfeito estado;Não existe;R-6a;;Única;Faixa seccionada;;
2020-02-22;10:51:00;SEM VÍTIMA;FINALIZADA;CAMPO GRANDE;EST DE BELEM;;;LADO OPOSTO A PRAÇA DE CAMPO GRANDE. PONTO DE ÔNIBUS Nº 130293;EST DE BELEM;;LADO OPOSTO A PRAÇA DE CAMPO GRANDE. PONTO DE ÔNIBUS Nº 130293;CAMPO GRANDE;458;CIDADE;ABALROAMENTO LONGITUDINAL;DOIS AUTOS;1;;;;;1;;;;0;;Longo da via;Bom;Sem defeito;Perfeito estado;Seca;Perfeito estado;Faixa de pedestre;Outras;40 km/h;Dupla;Faixa contínua;;
2020-02-22;11:16:00;COM VÍTIMA;FINALIZADA;PINA;AV ANTONIO DE GOES;534;;LADO OPOSTO A SUL AMERICA;AV ANTONIO DE GOES;534;LADO OPOSTO A SUL AMERICA;PINA;;CIDADE;ATROPELAMENTO;COLISAO COM VÍTIMAS;1;1;;;1;;;;;1;;Longo da via;Bom;Não existe;Perfeito estado;Seca;Perfeito estado;Não existe;R-4a;60 km/h;Única;Faixa seccionada;;
2020-02-22;12:37:00;SEM VÍTIMA;FINALIZADA;BRASÍLIA TEIMOSA;RUA CARAPEBA;90;;LADO OPOSTO AO Nº 090;RUA CARAPEBA;90;LADO OPOSTO AO Nº 090;BRASÍLIA TEIMOSA;;;CHOQUE VEÍCULO PARADO;COLISÃO SEM VÍTIMA;1;;;;;;1;;;0;;Longo da via;Bom;Não existe;Não existente;Seca;Perfeito estado;Não existe;Não há placas;;Dupla;Não existe;;
2020-02-22;13:45:00;COM VÍTIMA;FINALIZADA;BOA VIAGEM;RUA PADRE CARAPUCEIRO;444;RUA FRANCISCO DA CUNHA;E/F AO EDF RICARDO PRIMEIRO E OFICINA DESIGN.;RUA PADRE CARAPUCEIRO;444;E/F AO EDF RICARDO PRIMEIRO E OFICINA DESIGN.;BOA VIAGEM;;SUBURBIO;ABALROAMENTO TRANSVERSAL;COLISAO ENTRE ONIBUS E AUTO COM UMA VÍTIMA;1;;;;;1;;;;4;;Cruzamento;Bom;Não existe;Perfeito estado;Seca;Perfeito estado;Não existe;R-6a;;Única;Faixa seccionada;;
2020-02-22;15:37:00;COM VÍTIMA;FINALIZADA;MADALENA;AV VISCONDE DE ALBUQUERQUE;401;RUA LOPES DE CARVALHO;E/F A GALERIA DA MADALENA CENTER;AV VISCONDE DE ALBUQUERQUE;401;E/F A GALERIA DA MADALENA CENTER;MADALENA;;SUBURBIO;ABALROAMENTO TRANSVERSAL;COLISAO ENTRE AUTO E MOTO COM UMA VÍTIMA;1;1;;;;;;;;1;;Cruzamento;Bom;Não existe;Incompleta;Seca;Perfeito estado;Não existe;Não há placas;;Única;Faixa seccionada;;
2020-02-22;17:00:00;SEM VÍTIMA;FINALIZADA;IMBIRIBEIRA;AV MARECHAL MASCARENHAS DE MORAES;2755;;ASSEMBLEIA DE DEUS NOVO TEMPO;AV MARECHAL MASCARENHAS DE MORAES;2755;ASSEMBLEIA DE DEUS NOVO TEMPO;IMBIRIBEIRA;631;CIDADE;COLISÃO TRASEIRA;ENGRAVETAMENTO S/ VÍTIMA TRES VEICULOS;3;;;;;;;;;0;;Longo da via;Nublado;Sem defeito;Perfeito estado;Seca;;Faixa de pedestre;Outras;;Única;Faixa seccionada;Canteiro central;
2020-02-22;17:31:00;SEM VÍTIMA;FINALIZADA;TORRE;RUA VISCONDE DE ITAPARICA;84;RUA FLORIANO FRANCISCO DE OLIVEIRA;EM FRENTE EDF SOBRADO DA TORRE;RUA VISCONDE DE ITAPARICA;84;EM FRENTE EDF SOBRADO DA TORRE;TORRE;;;CHOQUE VEÍCULO PARADO;COLISAO S/ VÍTIMA ENTRE DOIS CARROS;2;;;;;;;;;0;;;Bom;Não existe;Não existente;Seca;Perfeito estado;Não existe;Não há placas;;Única;Não existe;;
2020-02-22;18:22:00;SEM VÍTIMA;CANCELADA;ÁGUA FRIA;RUA DA REGENERACAO;81;;ESQUINA COM O POSTO IPIRANGA;RUA DA REGENERACAO;81;ESQUINA COM O POSTO IPIRANGA;ÁGUA FRIA;;;COLISÃO;ENTRE AUTO E MOTO. S/V;1;1;;;;;;;;0;;;;;;;;;;;;;;
2020-02-22;19:44:00;SEM VÍTIMA;FINALIZADA;VÁRZEA;AV AFONSO OLINDENSE;2106;;PANIFICADORA RAINHA DA VARZIA;AV AFONSO OLINDENSE;2106;PANIFICADORA RAINHA DA VARZIA;VÁRZEA;;CIDADE;ABALROAMENTO LONGITUDINAL;HONDA FIT X ONIX;2;;;;;;;;;0;;Longo da via;Bom;Não existe;Ilegível;Seca;Perfeito estado;Não existe;Não há placas;;Única;Não existe;;
2020-02-22;21:02:00;SEM VÍTIMA;FINALIZADA;PRADO;RUA JOAO IVO DA SILVA;154;RUA RICARDO SALAZAR;;RUA JOAO IVO DA SILVA;154;;PRADO;;SUBURBIO;CHOQUE OBJETO FIXO;VEÍCULO SECHOCOU AO MURO DA RESIDENCIA. CONDUTOR APARENTEMENTE EMBRIAGADO.;1;;;;;;;;;0;;Longo da via;Bom;;Perfeito estado;Seca;Perfeito estado;Não existe;Outras;;Única;Faixa seccionada;;
2020-02-22;21:26:00;SEM VÍTIMA;FINALIZADA;PARNAMIRIM;RUA JOAO TUDE DE MELO;;RUA DR JOAO SANTOS FILHO;EM FRENTE AO RESTAURANTE GUAIAMUM GIGANTE;RUA JOAO TUDE DE MELO;;EM FRENTE AO RESTAURANTE GUAIAMUM GIGANTE;PARNAMIRIM;649;SUBURBIO;COLISÃO TRASEIRA;ENTRE 2 AUTOS. S/V;2;;;;;;;;;0;;Longo da via;Bom;Sem defeito;Perfeito estado;Seca;Perfeito estado;Não existe;Não há placas;;Única;Faixa seccionada;;
2020-02-23;00:11:00;SEM VÍTIMA;FINALIZADA;AFOGADOS;RUA PROFESSOR AUGUSTO WANDERLEY FILHO;;RUA MOTOCOLOMBO;AO LADO DO TROCÃO;RUA PROFESSOR AUGUSTO WANDERLEY FILHO;;AO LADO DO TROCÃO;AFOGADOS;39;SUBURBIO;ABALROAMENTO LONGITUDINAL;COLOSÃO ENTRE 02 AUTOS;2;;;;;;;;;0;;Cruzamento;Bom;Sem defeito;Perfeito estado;Seca;Perfeito estado;Faixa de pedestre;;;Única;Faixa seccionada;;
2020-02-23;07:06:00;SEM VÍTIMA;FINALIZADA;IBURA;AV DOIS RIOS;72;;EM FRENTE AO SUPERMERCADO MR;AV DOIS RIOS;72;EM FRENTE AO SUPERMERCADO MR;IBURA;325;CIDADE;COLISÃO TRASEIRA;DOIS AUTOS;2;;;;;;;;;0;;Longo da via;Bom;Sem defeito;Perfeito estado;Seca;Perfeito estado;Faixa de pedestre;Placas Pare;40 km/h;Dupla;;;
2020-02-23;07:57:00;SEM VÍTIMA;CANCELADA;SÃO JOSÉ;RUA VIDAL DE NEGREIROS;;;PÁTIO DO TERÇO;RUA VIDAL DE NEGREIROS;;PÁTIO DO TERÇO;SÃO JOSÉ;;;COLISÃO;;;;;;;;;;;0;;;;;;;;;;;;;;
2020-02-23;08:04:00;COM VÍTIMA;FINALIZADA;CASA AMARELA;AV NORTE;;;EM FRENTE A PAGUE MENOS;AV NORTE;;EM FRENTE A PAGUE MENOS;CASA AMARELA;79;SUBURBIO;TOMBAMENTO;MOTO DESVIA DO BURACO E CAI NA AVENIDA;;1;;;;;;;;1;;Longo da via;Chuvoso;Sem defeito;Perfeito estado;Molhada;Perfeito estado;Faixa de pedestre;Outras;;Dupla;Canteiro central;;
2020-02-23;08:17:00;SEM VÍTIMA;FINALIZADA;BOA VISTA;RUA DOM BOSCO;;;EMLURB;RUA DOM BOSCO;;EMLURB;BOA VISTA;;SUBURBIO;ABALROAMENTO LONGITUDINAL;VT POLICIA E AUTO PASSEIO;2;;;;;;;;;0;;Longo da via;Bom;Não existe;Perfeito estado;Seca;Perfeito estado;Não existe;Outras;;Única;Faixa seccionada;;
2020-02-23;11:07:00;SEM VÍTIMA;FINALIZADA;GRAÇAS;RUA ALBERTO PAIVA;;RUA DO FUTURO;;RUA ALBERTO PAIVA;;;GRAÇAS;521;CIDADE;ABALROAMENTO TRANSVERSAL;COLISAO S/ VÍTIMA. ENTRE DOIS VEICULOS;2;;;;;;;;;0;;Cruzamento;Bom;Sem defeito;Perfeito estado;Seca;Perfeito estado;Faixa de pedestre;Outras;;;Não existe;;
2020-02-23;11:51:00;SEM VÍTIMA;FINALIZADA;BOA VIAGEM;RUA TENENTE JOAO CICERO;;RUA MINISTRO NELSON HUNGRIA;;RUA TENENTE JOAO CICERO;;;BOA VIAGEM;;SUBURBIO;ABALROAMENTO TRANSVERSAL;COLISAO S/ VÍTIMA ENTRE DOIS VEICULOS;2;;;;;;;;;0;;Cruzamento;Bom;Não existe;Perfeito estado;Seca;Perfeito estado;Faixa de pedestre;Placas Pare;;Única;Não existe;;
2020-02-23;12:15:00;SEM VÍTIMA;FINALIZADA;PORTO DA MADEIRA;RUA DALVA DE OLIVEIRA;;;POSTO DE NÚMERO A 031838;RUA DALVA DE OLIVEIRA;;POSTO DE NÚMERO A 031838;PORTO DA MADEIRA;;SUBURBIO;ABALROAMENTO LONGITUDINAL;COLISAO S/ VÍTIMA. ENTRE DOIS VEICULOS;2;;;;;;;;;0;;Ponte;Bom;Não existe;Não existente;Seca;Mal conservada;Não existe;Não há placas;;Dupla;Não existe;;
2020-02-23;12:21:00;SEM VÍTIMA;FINALIZADA;CAMPO GRANDE;RUA ODORICO MENDES;166;RUA VISCONDE DE CAIRU;;RUA ODORICO MENDES;166;;CAMPO GRANDE;;CIDADE;ABALROAMENTO LONGITUDINAL;COLISAO S/ VÍTIMAS ENTRE DOIS AUTO E UMA MOTO;2;1;;;;;;;;0;;Cruzamento;Bom;Não existe;Perfeito estado;Seca;Perfeito estado;Não existe;Placas Pare;;Dupla;;;
2020-02-23;13:52:00;SEM VÍTIMA;FINALIZADA;BOA VIAGEM;AV ENGENHEIRO DOMINGOS FERREIRA;100;RUA TOME GIBSON;US CLUB BEAUTY BAR;AV ENGENHEIRO DOMINGOS FERREIRA;100;US CLUB BEAUTY BAR;BOA VIAGEM;200;SUBURBIO;ABALROAMENTO TRANSVERSAL;COLISAO S/ VÍTIMA ENTRE DOIS VEICULOS;2;;;;;;;;;0;;Longo da via;Bom;Sem defeito;Perfeito estado;Seca;Perfeito estado;Faixa de pedestre;Outras;;Única;Faixa contínua;;
2020-02-23;14:20:00;COM VÍTIMA;FINALIZADA;IMBIRIBEIRA;RUA JOAQUIM BANDEIRA;136;RUA JACY;GALPAO TARGET. LADO OPOSTO AO POSTE B029384;RUA JOAQUIM BANDEIRA;136;GALPAO TARGET. LADO OPOSTO AO POSTE B029384;IMBIRIBEIRA;;BOA VIAGEM;ABALROAMENTO LONGITUDINAL;COLISAO COM VÍTIMA ENTRE MOTO E ONIBUS;;1;;;;1;;;;1;;Longo da via;Bom;Não existe;Não existente;Seca;;Não existe;Não há placas;;Única;Faixa seccionada;;
2020-02-23;14:20:00;SEM VÍTIMA;CANCELADA;BOA VIAGEM;RUA ELADIO RAMOS;475;;PROX CELPE DE BOA VIAGEM;RUA ELADIO RAMOS;475;PROX CELPE DE BOA VIAGEM;BOA VIAGEM;;;COLISÃO;COLISAO DE DOIS AUTOS S/ VÍTIMAS;2;;;;;;;;;0;;;;;;;;;;;;;;
2020-02-23;15:03:00;SEM VÍTIMA;FINALIZADA;CASA FORTE;EST DAS UBAIAS,;;;EM FRENTE AO Nº 572;EST DAS UBAIAS,;;EM FRENTE AO Nº 572;CASA FORTE;;;ABALROAMENTO TRANSVERSAL;COLISAO S/ VÍTIMA ENTRE DOIS VEICULOS;2;;;;;;;;;0;;Longo da via;Bom;Não existe;Perfeito estado;Seca;Perfeito estado;Não existe;Não há placas;;Dupla;Não existe;;
2020-02-23;16:05:00;SEM VÍTIMA;FINALIZADA;AFLITOS;RUA QUARENTA E OITO;815;RUA CARNEIRO VILELA;RESTAURANTE SABOR RANCHO/ SQUINA 48;RUA QUARENTA E OITO;815;RESTAURANTE SABOR RANCHO/ SQUINA 48;AFLITOS;;CIDADE;ABALROAMENTO TRANSVERSAL;COLISAO S/ VÍTIMA. ENTRE DOIS VEICULOS;2;;;;;;;;;0;;Cruzamento;Bom;Não existe;Perfeito estado;Seca;Perfeito estado;Não existe;R-6a;;Única;Faixa contínua;;
2020-02-23;18:15:00;SEM VÍTIMA;CANCELADA;PINA;VIADUTO CAPITAO TEMUDO;;;POR CIMA DO VIADUTO, E/F AO SHOPPING RIO MAR;VIADUTO CAPITAO TEMUDO;;POR CIMA DO VIADUTO, E/F AO SHOPPING RIO MAR;PINA;;;COLISÃO;ENTRE 2 AUTOS. S/V;2;;;;;;;;;0;;;;;;;;;;;;;;
2020-02-23;19:07:00;SEM VÍTIMA;CANCELADA;SANTO ANTÔNIO;RUA SIQUEIRA CAMPOS;150;;E/F AO CARTORIO PAULO GUERRA;RUA SIQUEIRA CAMPOS;150;E/F AO CARTORIO PAULO GUERRA;SANTO ANTÔNIO;;;COLISÃO;ENTRE 2 AUTOS. S/V;2;;;;;;;;;0;;;;;;;;;;;;;;
2020-02-23;19:22:00;COM VÍTIMA;FINALIZADA;SANTO ANTÔNIO;RUA NOVA;;AV DANTAS BARRETO;ENF. MARIZA E FARMACIA DEPENDENTE;RUA NOVA;;ENF. MARIZA E FARMACIA DEPENDENTE;SANTO ANTÔNIO;;CIDADE;ATROPELAMENTO;VAN X PEDESTRE (IDOSO);;;;;1;1;;;;1;;Longo da via;Bom;Não existe;Ilegível;Seca;Mal iluminada;Não existe;Não há placas;;Única;Não existe;;
2020-02-23;20:08:00;SEM VÍTIMA;FINALIZADA;JOANA BEZERRA;VIADUTO CAPITAO TEMUDO;;;FORUM DES. RODOLFO AURELIANO;VIADUTO CAPITAO TEMUDO;;FORUM DES. RODOLFO AURELIANO;JOANA BEZERRA;;SUBURBIO;ABALROAMENTO LONGITUDINAL;CELTA X GOL;2;;;;;;;;;0;;Viaduto;Bom;Não existe;Perfeito estado;Seca;Perfeito estado;Não existe;Não há placas;60 km/h;Dupla;Canteiro central;;
2020-02-23;22:08:00;SEM VÍTIMA;CANCELADA;SANTO ANTÔNIO;RUA IMPERADOR PEDRO SEGUNDO;362;;E/F A ESCOLA DE SAÚDE REAL PORTUGUÊS / PRÓX AO CAIS DO APOLO;RUA IMPERADOR PEDRO SEGUNDO;362;E/F A ESCOLA DE SAÚDE REAL PORTUGUÊS / PRÓX AO CAIS DO APOLO;SANTO ANTÔNIO;;;COLISÃO;ENTRE AUTO E ÔNIBUS. S/V;1;;;;;1;;;;0;;;;;;;;;;;;;;
2020-02-23;22:51:00;SEM VÍTIMA;CANCELADA;PINA;AV ANTONIO DE GOES;218;;POSTO DE GASOLINA PETROCAL PINA;AV ANTONIO DE GOES;218;POSTO DE GASOLINA PETROCAL PINA;PINA;;;COLISÃO;ONIX BRANCO X PALIO PRATA;2;;;;;;;;;0;;;;;;;;;;;;;;
2020-02-24;01:30:00;SEM VÍTIMA;FINALIZADA;PINA;AV HERCULANO BANDEIRA;;RUA ARQUITETO AUGUSTO REINALDO;;AV HERCULANO BANDEIRA;;;PINA;660;SUBURBIO;ABALROAMENTO LONGITUDINAL;DOIS AUTOS;2;;;;;;;;;0;;Cruzamento;Bom;Sem defeito;Não existente;Seca;Mal iluminada;Faixa de pedestre;Não há placas;60 km/h;Única;Faixa seccionada;;
2020-02-24;03:40:00;SEM VÍTIMA;FINALIZADA;BOA VIAGEM;RUA DEZ DE JULHO;;;DENTRO DO TERMINAL INTEGRADO DO AEROPORTO;RUA DEZ DE JULHO;;DENTRO DO TERMINAL INTEGRADO DO AEROPORTO;BOA VIAGEM;;CIDADE;CHOQUE OBJETO FIXO;VEICULO CHOCOU-SE COM PORTÃO DA ESTAÇÃO;1;;;;;;;;;0;;;Bom;Não existe;Perfeito estado;Seca;Perfeito estado;;;;Única;;;
2020-02-24;04:06:00;COM VÍTIMA;FINALIZADA;BOA VIAGEM;AVENIDA CELSO FURTADO (VIA MANGUE);;;PRIMEIRO RETORNO APOS O SUPERMERCADO EXTRA, SENT. BOA VIAGEM;AVENIDA CELSO FURTADO (VIA MANGUE);;PRIMEIRO RETORNO APOS O SUPERMERCADO EXTRA, SENT. BOA VIAGEM;BOA VIAGEM;;SUBURBIO;CHOQUE OBJETO FIXO;VEICULO CHOCOU-SE COM MEIO FIO;1;;;;;;;;;1;;Longo da via;Bom;Não existe;Perfeito estado;Seca;Perfeito estado;Não existe;Não há placas;;Dupla;Faixa;;
2020-02-24;04:32:00;COM VÍTIMA;FINALIZADA;IBURA;AV ENGENHO SERRA VERDE;570;AV RIO LARGO;AO LADO DO ARMAZEM ESQUINA DA CONSTRUÇÃO;AV ENGENHO SERRA VERDE;570;AO LADO DO ARMAZEM ESQUINA DA CONSTRUÇÃO;IBURA;;SUBURBIO;COLISÃO FRONTAL;ONIBUS E MOTO;;1;;;;1;;;;1;;Esquina;Bom;Não existe;Ilegível;Seca;Mal iluminada;Outros;R-24a;;Dupla;Não existe;;
2020-02-24;05:49:00;SEM VÍTIMA;CANCELADA;IPSEP;AV RECIFE;2586;;EM FRENTE AO POSTO DE GASOLINA SHELL, SENT. BOA VIAGEM;AV RECIFE;2586;EM FRENTE AO POSTO DE GASOLINA SHELL, SENT. BOA VIAGEM;IPSEP;;;COLISÃO;DOIS ONIBUS;;;;;;2;;;;0;;;;;;;;;;;;;;
2020-02-24;06:53:00;SEM VÍTIMA;FINALIZADA;BOA VISTA;RUA DA AURORA;;RUA PRINCESA IZABEL;POLÍCIA CIVIL PERNAMBUCO SDS;RUA DA AURORA;;POLÍCIA CIVIL PERNAMBUCO SDS;BOA VISTA;22;SUBURBIO;ABALROAMENTO LONGITUDINAL;COLISAO S/ VÍTIMA ENTRE VEICULO EMOTO;1;1;;;;;;;;0;;Cruzamento;Bom;Sem defeito;Perfeito estado;Seca;Perfeito estado;Faixa de pedestre;R-6a;40 km/h;Única;Faixa contínua;;
2020-02-24;08:13:00;SEM VÍTIMA;FINALIZADA;SAN MARTIN;RUA COMENDADOR JOSE VITA;54;;;RUA COMENDADOR JOSE VITA;54;;SAN MARTIN;;;CHOQUE VEÍCULO PARADO;COLISÃOSEMVÍTIMAS;1;;;;;;1;;;0;;Longo da via;Nublado;Não existe;Não existente;Seca;;Não existe;Não há placas;;Dupla;Não existe;;
2020-02-24;08:55:00;SEM VÍTIMA;FINALIZADA;IMBIRIBEIRA;AV PINHEIROS;70;AV MARECHAL MASCARENHAS DE MORAES;LOTERIA A IMPERIAL;AV PINHEIROS;70;LOTERIA A IMPERIAL;IMBIRIBEIRA;;SUBURBIO;CHOQUE VEÍCULO PARADO;COLISÃO SEMVÍTIMAS;1;;;;;;1;;;0;;Longo da via;Bom;;Incompleta;Seca;Perfeito estado;Não existe;Não há placas;;Dupla;Não existe;;
2020-02-24;09:19:00;SEM VÍTIMA;FINALIZADA;SANTO AMARO;AV CRUZ CABUGA;33;;AO LADO DO SEFAZ;AV CRUZ CABUGA;33;AO LADO DO SEFAZ;SANTO AMARO;344;CIDADE;ABALROAMENTO LONGITUDINAL;CAMINHAO EONIBUS;;;;;;1;1;;;0;;Longo da via;Bom;Sem defeito;Perfeito estado;Seca;Perfeito estado;Não existe;R-6a;60 km/h;Dupla;Faixa contínua;;
2020-02-24;10:27:00;SEM VÍTIMA;FINALIZADA;BOA VISTA;RUA DO HOSPICIO;33;;EDF SÃO RAFAEL;RUA DO HOSPICIO;33;EDF SÃO RAFAEL;BOA VISTA;33;;COLISÃO TRASEIRA;COLISAO S/ VÍTIMA ENTRE DOIS VEICULOS;2;;;;;;;;;0;;Longo da via;Bom;Sem defeito;Perfeito estado;Seca;Perfeito estado;Não existe;R-6b;30 km/h;Única;Não existe;;
2020-02-24;11:16:00;SEM VÍTIMA;FINALIZADA;PINA;RUA MANOEL DE BRITO;;;AO LADO DO POSTO POLICIAL;RUA MANOEL DE BRITO;;AO LADO DO POSTO POLICIAL;PINA;;CIDADE;ABALROAMENTO TRANSVERSAL;;2;;;;;;;;;0;;;Bom;Não existe;Perfeito estado;Seca;Perfeito estado;Outros;Outras;60 km/h;Única;Faixa contínua;;
2020-02-24;12:28:00;SEM VÍTIMA;FINALIZADA;SANTO AMARO;AV GOVERNADOR AGAMENON MAGALHAES;;;SEMÁFORO DE Nº 465;AV GOVERNADOR AGAMENON MAGALHAES;;SEMÁFORO DE Nº 465;SANTO AMARO;465;;COLISÃO TRASEIRA;ENGAVETAMENTO S/ VÍTIMA. TRES VEICULOS;3;;;;;;;;;0;;Longo da via;Bom;Sem defeito;Perfeito estado;Seca;Perfeito estado;Faixa de pedestre;;60 km/h;Dupla;Canal;;