data;hora;natureza_acidente;situacao;bairro;endereco;numero;detalhe_endereco_acidente;complemento;endereco_cruzamento;numero_cruzamento;referencia_cruzamento;bairro_cruzamento;num_semaforo;sentido_via;tipo;descricao;auto;moto;ciclom;ciclista;pedestre;onibus;caminhao;viatura;outros;vitimas;vitimasfatais;acidente_verificado;tempo_clima;situacao_semaforo;sinalizacao;condicao_via;conservacao_via;ponto_controle;situacao_placa;velocidade_max_via;mao_direcao;divisao_via1;divisao_via2;divisao_via3
2020-03-02;13:58:00;SEM VÍTIMA;FINALIZADA;BOA VIAGEM;RUA VISCONDE DE JEQUITINHONHA;;RUA CAPITAO ZUZINHA;;RUA VISCONDE DE JEQUITINHONHA;;;BOA VIAGEM;433;SUBURBIO;COLISÃO TRASEIRA;COLISAO ENTRE ONIBUS E AUTOS S/V;1;;;;;1;;;;0;;Longo da via;Bom;Sem defeito;Perfeito estado;Seca;Perfeito estado;Agente;Outras;60 km/h;Única;Faixa seccionada;Canteiro central;
2020-03-02;14:08:00;SEM VÍTIMA;FINALIZADA;TORRE;RUA CONDE DE IRAJA;;RUA JOSE BONIFACIO;AO LADO DA PADARIA NOVA ARMADA;RUA CONDE DE IRAJA;;AO LADO DA PADARIA NOVA ARMADA;TORRE;191;SUBURBIO;ABALROAMENTO LONGITUDINAL;COLISÃO SEM VÍTIMA;1;;;;;;;;1;0;;Cruzamento;Bom;Sem defeito;Perfeito estado;Seca;Perfeito estado;Faixa de pedestre;R-6a;;Única;Faixa seccionada;;
2020-03-02;14:09:00;SEM VÍTIMA;FINALIZADA;ESPINHEIRO;AV GOVERNADOR AGAMENON MAGALHAES;24;RUA SAO SALVADOR;;AV GOVERNADOR AGAMENON MAGALHAES;24;;ESPINHEIRO;;CIDADE;ABALROAMENTO LONGITUDINAL;;2;;;;;;;;;0;;Longo da via;Bom;Não existe;Perfeito estado;Seca;Perfeito estado;Não existe;Outras;40 km/h;Dupla;Canteiro central;;
2020-03-02;14:26:00;SEM VÍTIMA;FINALIZADA;SAN MARTIN;RUA COMENDADOR FRANCO FERREIRA;476;RUA MOSSORO;;RUA COMENDADOR FRANCO FERREIRA;476;;SAN MARTIN;;SUBURBIO;ABALROAMENTO TRANSVERSAL;;2;;;;;;;;;0;;Cruzamento;Bom;Não existe;;Seca;;Não existe;Placas Pare;;Dupla;Não existe;;
2020-03-02;14:28:00;SEM VÍTIMA;CANCELADA;JARDIM SÃO PAULO;AV SAO PAULO;655;;EM FRENTE A FARMACIA PRIME;AV SAO PAULO;655;EM FRENTE A FARMACIA PRIME;JARDIM SÃO PAULO;;;COLISÃO;COLISÃO SEM VÍTIMA ENTRE AUTO E CARROÇA DE TRAÇÃO ANIMAL;1;;;;;;;;1;0;;;;;;;;;;;;;;
2020-03-02;14:54:00;SEM VÍTIMA;FINALIZADA;ARRUDA;AV PROFESSOR JOSE DOS ANJOS;;;POSTE DE Nº H 038468;AV PROFESSOR JOSE DOS ANJOS;;POSTE DE Nº H 038468;ARRUDA;306;;COLISÃO TRASEIRA;COLISAO ENTRE AUTO E CAMINHAO S/V;1;;;;;;1;;;0;;Longo da via;Bom;Sem defeito;Perfeito estado;Seca;Perfeito estado;Faixa de pedestre;Outras;;Dupla;Canal;;
2020-03-02;14:57:00;SEM VÍTIMA;FINALIZADA;MADALENA;RUA JOAO IVO DA SILVA;;AV ENGENHEIRO ABDIAS DE CARVALHO;PRÓXIMO AO HABIB'S;RUA JOAO IVO DA SILVA;;PRÓXIMO AO HABIB'S;MADALENA;132;;COLISÃO FRONTAL;;1;1;;;;;;;;0;;Cruzamento;Bom;Sem defeito;Perfeito estado;Seca;Perfeito estado;Agente;;;Dupla;Faixa seccionada;;
2020-03-02;15:08:00;SEM VÍTIMA;FINALIZADA;IMBIRIBEIRA;AV MARECHAL MASCARENHAS DE MORAES;4861;;EM FRENTE A FPS;AV MARECHAL MASCARENHAS DE MORAES;4861;EM FRENTE A FPS;IMBIRIBEIRA;;CIDADE;COLISÃO TRASEIRA;ENGAVETAMENTO DE TRES VEICULOS SEM VÍTIMAS;3;;;;;;;;;0;;Longo da via;Bom;Sem defeito;Perfeito estado;Seca;Perfeito estado;Não existe;Não há placas;;Dupla;Faixa seccionada;Canteiro central;
2020-03-02;15:20:00;SEM VÍTIMA;FINALIZADA;MADALENA;AV BEIRA RIO;165;;EDF. QUINTA BEIRA RIO;AV BEIRA RIO;165;EDF. QUINTA BEIRA RIO;MADALENA;;SUBURBIO;ABALROAMENTO LONGITUDINAL;COLISAO ENTRE DOIS AUTOS S/V;2;;;;;;;;;0;;Longo da via;Bom;Não existe;Perfeito estado;Seca;Perfeito estado;Não existe;Não há placas;50 km/h;Única;Faixa seccionada;;
2020-03-02;15:54:00;SEM VÍTIMA;FINALIZADA;BOA VIAGEM;RUA DO SA LEITAO;254;;ACADEMIA TOP FIT;RUA DO SA LEITAO;254;ACADEMIA TOP FIT;BOA VIAGEM;;;CHOQUE VEÍCULO PARADO;COLISAP ENTRE DOIS AUTOS E UMA MOTO S/V;1;1;;;;;;;;0;;Longo da via;Bom;Não existe;Perfeito estado;Seca;Perfeito estado;Não existe;Outras;;Dupla;Faixa seccionada;;
2020-03-02;17:51:00;SEM VÍTIMA;FINALIZADA;BOA VIAGEM;AV FERNANDO SIMOES BARBOSA;;;NA ENTRADA DO SHOPPING RECIFE;AV FERNANDO SIMOES BARBOSA;;NA ENTRADA DO SHOPPING RECIFE;BOA VIAGEM;183;SUBURBIO;ABALROAMENTO LONGITUDINAL;COLISAO ENTRE ONIBUS E AUTOS S/V;1;;;;;1;;;;0;;;Bom;Sem defeito;Perfeito estado;Seca;Perfeito estado;Não existe;Outras;;Única;Faixa seccionada;;
2020-03-02;18:10:00;SEM VÍTIMA;FINALIZADA;IPSEP;RUA ITACAMBIRA;21B;;SUPER MERCADO STYLLO AO LADO;RUA ITACAMBIRA;21B;SUPER MERCADO STYLLO AO LADO;IPSEP;;SUBURBIO;COLISÃO TRASEIRA;COLISAO DE DOIS AUTOS S/V;2;;;;;;;;;0;;Longo da via;Bom;Não existe;Perfeito estado;Seca;Perfeito estado;Não existe;Outras;20 km/h;Dupla;Não existe;;
2020-03-02;18:25:00;SEM VÍTIMA;CANCELADA;ESTÂNCIA;RUA JOAO TEIXEIRA;;;E/F AO COLEGIO VISAO;RUA JOAO TEIXEIRA;;E/F AO COLEGIO VISAO;ESTÂNCIA;;;COLISÃO;COLISAO SEM VÍTIMAS;1;;;;;;1;;;0;;;;;;;;;;;;;;
2020-03-02;18:46:00;SEM VÍTIMA;FINALIZADA;ESTÂNCIA;AV RECIFE;438;;EM FRENTE AO Nº 532;AV RECIFE;438;EM FRENTE AO Nº 532;ESTÂNCIA;;;COLISÃO TRASEIRA;JAC X CLASSIC X ECOSPORT;3;;;;;;;;;0;;Longo da via;Bom;Não existe;Perfeito estado;Seca;Perfeito estado;Não existe;Não há placas;60 km/h;Dupla;Faixa seccionada;Canteiro central;
2020-03-02;20:04:00;SEM VÍTIMA;FINALIZADA;VÁRZEA;RUA GENERAL POLIDORO;638;RUA ABATIA;FARMÁCIA ESPERANÇA;RUA GENERAL POLIDORO;638;FARMÁCIA ESPERANÇA;VÁRZEA;577;;ABALROAMENTO TRANSVERSAL;COLISAO SEM VÍTIMAS;2;;;;;;;;;0;;Cruzamento;Bom;Sem defeito;Perfeito estado;Seca;Perfeito estado;Faixa de pedestre;Outras;;Dupla;Faixa contínua;;
2020-03-02;20:05:00;SEM VÍTIMA;FINALIZADA;COQUEIRAL;RUA APRIGIO GUIMARAES;;;FARMÁCIA SAN DIEGO;RUA APRIGIO GUIMARAES;;FARMÁCIA SAN DIEGO;COQUEIRAL;157;SUBURBIO;ABALROAMENTO TRANSVERSAL;BROS MOTO X CLASSIC;1;1;;;;;;;;0;;Cruzamento;Bom;Sem defeito;Incompleta;Seca;Perfeito estado;Faixa de pedestre;Não há placas;;Dupla;Não existe;;
2020-03-02;20:20:00;COM VÍTIMA;FINALIZADA;SANTO AMARO;AV NORTE;141;RUA VINTE E QUATRO DE AGOSTO;RUA VINTE E QUATRO DE AGOSTO - PROXIMO À CONTAX;AV NORTE;141;RUA VINTE E QUATRO DE AGOSTO - PROXIMO À CONTAX;SANTO AMARO;463;SUBURBIO;ABALROAMENTO TRANSVERSAL;OCOLISÃO ONIBUS X MOTO C/VÍTIMA;;1;;;;1;;;;1;;Cruzamento;Bom;Sem defeito;Perfeito estado;Seca;Perfeito estado;Não existe;Outras;;Dupla;Faixa seccionada;;
2020-03-02;21:11:00;COM VÍTIMA;CANCELADA;IBURA;AV DOM HELDER CAMARA;;;DEPOIS QUE SAI DA AV RECIFE UNS 300 METROS;AV DOM HELDER CAMARA;;DEPOIS QUE SAI DA AV RECIFE UNS 300 METROS;IBURA;;;ACID. DE PERCURSO;MOTO (PERCA DE CONTROLE );;1;;;;;;;;1;;;;;;;;;;;;;;
2020-03-02;21:34:00;SEM VÍTIMA;FINALIZADA;SANTO AMARO;AV CRUZ CABUGA;;RUA MORAES DE INHAMA;HOSPITAL SANTA CASA;AV CRUZ CABUGA;;HOSPITAL SANTA CASA;SANTO AMARO;344;SUBURBIO;ABALROAMENTO LONGITUDINAL;CLASSIC X CAMINHAO POLIGUINDASTE;1;;;;;;1;;;0;;Cruzamento;Chuvoso;Sem defeito;Perfeito estado;Molhada;Perfeito estado;Não existe;Outras;;Dupla;Faixa seccionada;;
2020-03-02;22:00:00;SEM VÍTIMA;FINALIZADA;TORRE;RUA PROFESSOR TRAJANO DE MENDONCA;113;;DOM GALETUS DELIVERY;RUA PROFESSOR TRAJANO DE MENDONCA;113;DOM GALETUS DELIVERY;TORRE;;SUBURBIO;COLISÃO TRASEIRA;SANDERO VERMELHO X PALIO PRATA;2;;;;;;;;;0;;Longo da via;Bom;Não existe;Perfeito estado;Seca;Perfeito estado;Faixa de pedestre;Outras;;Única;Faixa seccionada;;
2020-03-02;23:34:00;COM VÍTIMA;FINALIZADA;IBURA;AV DOIS RIOS;;RUA RIO XINGU;EM FRENTE AO POSTO DE GASOLINA BR;AV DOIS RIOS;;EM FRENTE AO POSTO DE GASOLINA BR;IBURA;351;SUBURBIO;ABALROAMENTO TRANSVERSAL;COLISÃO ENTRE DOIS AUTOS COM VÍTIMA, UM DOS AUTOS VEIO A CAPOTAR, UM DOS ENVOLVIDOS APRESENTA SINTOMAS DE EMBRIAGUEZ;2;;;;;;;;;2;;Cruzamento;Bom;Sem defeito;Perfeito estado;Seca;Perfeito estado;Faixa de pedestre;Não há placas;;Dupla;Faixa contínua;;
2020-03-03;00:00:00;SEM VÍTIMA;FINALIZADA;BOA VIAGEM;AV MARECHAL JUAREZ TAVORA;;RUA JOAO CARDOSO AIRES;;AV MARECHAL JUAREZ TAVORA;;;BOA VIAGEM;478;SUBURBIO;ABALROAMENTO LONGITUDINAL;COLISÃO ENTRE DOIS AUTOS S/V;2;;;;;;;;;0;;Cruzamento;Bom;Sem defeito;Ilegível;Seca;Mal iluminada;Faixa de pedestre;Não há placas;;Única;Faixa seccionada;;
2020-03-03;07:39:00;COM VÍTIMA;FINALIZADA;AFOGADOS;EST DOS REMEDIOS;POSTE Nº BO20959;;EM FRENTE A PIGALLE. Nº1481;EST DOS REMEDIOS;POSTE Nº BO20959;EM FRENTE A PIGALLE. Nº1481;AFOGADOS;;CIDADE;ABALROAMENTO LONGITUDINAL;ACIDENTE LONGITUDINAL ENTRE DUAS MOTOS, FLAGRADO PELA CÂMARA DA CTTU.;;2;;;;;;;;1;;Longo da via;Bom;Sem defeito;Perfeito estado;Seca;Perfeito estado;Outros;Outras;60 km/h;Única;Faixa seccionada;;
2020-03-03;07:57:00;SEM VÍTIMA;FINALIZADA;IPSEP;RUA ADERBAL DE MELO;;RUA PADRE LIMA E SA;;RUA ADERBAL DE MELO;;;IPSEP;;SUBURBIO;ABALROAMENTO TRANSVERSAL;COLISÃO S/VÍTIMAS ENTRE UMA MOTO E UM AUTOOBSUSUARIOINFORMAQUESOFREUESCORIAÇOES NA PERNANO ENTANTONÃO DESEJAA PRESENÇADO SAMUNOLOCAL;1;1;;;;;;;;0;;Cruzamento;Bom;Não existe;Perfeito estado;Seca;Perfeito estado;Não existe;Não há placas;;Dupla;Não existe;;
2020-03-03;07:59:00;SEM VÍTIMA;FINALIZADA;IBURA;AV ENGENHO SERRA VERDE;203;;PANIFICADORA MARAJÓ;AV ENGENHO SERRA VERDE;203;PANIFICADORA MARAJÓ;IBURA;;CIDADE;ABALROAMENTO LONGITUDINAL;COLISÃO SEMVÍTIMAS;1;;;;;1;;;;0;;Longo da via;Bom;Não existe;Perfeito estado;Seca;Perfeito estado;Não existe;Não há placas;30 km/h;Única;Não existe;;
2020-03-03;08:05:00;SEM VÍTIMA;FINALIZADA;CASA AMARELA;AV NORTE;5841;AV PEDRO ALLAIN;OPOSTO RETIFICA PADRÃO;AV NORTE;5841;OPOSTO RETIFICA PADRÃO;CASA AMARELA;95;SUBURBIO;COLISÃO TRASEIRA;MOTO E AUTO;1;1;;;;;;;;0;;Cruzamento;Bom;Sem defeito;Perfeito estado;Seca;Perfeito estado;Não existe;R-6a;;Dupla;Canteiro central;;
2020-03-03;08:34:00;COM VÍTIMA;FINALIZADA;AFOGADOS;RUA VISCONDE DE PELOTAS;42;;SOB O PONTILHÃO DO METRÔ DE AFOGADOS;RUA VISCONDE DE PELOTAS;42;SOB O PONTILHÃO DO METRÔ DE AFOGADOS;AFOGADOS;;;ACID. DE PERCURSO;QUEDA DE MOTOQUEIRO NA VIA DEVIDO A ÓLEO NA PISTA;;1;;;;;;;;1;;Longo da via;Bom;Não existe;Perfeito estado;Oleosa;Perfeito estado;Não existe;Não há placas;;Única;Faixa seccionada;;
2020-03-03;08:49:00;SEM VÍTIMA;FINALIZADA;ESTÂNCIA;AV DR JOSE RUFINO;146;;SUPLETIVO;AV DR JOSE RUFINO;146;SUPLETIVO;ESTÂNCIA;;CIDADE;ABALROAMENTO LONGITUDINAL;ONIBUS E AUTO;1;;;;;1;;;;0;;Longo da via;Bom;Não existe;Perfeito estado;Seca;Perfeito estado;Não existe;Não há placas;;Dupla;Faixa contínua;;
2020-03-03;09:53:00;SEM VÍTIMA;FINALIZADA;SANTO AMARO;AV NORTE;;;EM FRENTE A PARADA DE ÔNIBUS 110030;AV NORTE;;EM FRENTE A PARADA DE ÔNIBUS 110030;SANTO AMARO;97;SUBURBIO;COLISÃO TRASEIRA;COLISÃOSEMVÍTIMAS;1;1;;;;;;;;0;;Longo da via;Bom;Sem defeito;Perfeito estado;Seca;Perfeito estado;Faixa de retenção;Não há placas;60 km/h;Única;Faixa seccionada;;
2020-03-03;10:10:00;SEM VÍTIMA;CANCELADA;IPSEP;RUA JEAN EMILE FAVRE;734;;E/F AO ARMAZEM MAURICEA;RUA JEAN EMILE FAVRE;734;E/F AO ARMAZEM MAURICEA;IPSEP;564;;COLISÃO;COLISÃO S/VÍTIMAS NETRE UM ONIBUS E UM AUTO;1;;;;;1;;;;0;;;;;;;;;;;;;;
2020-03-03;11:04:00;SEM VÍTIMA;CANCELADA;IMBIRIBEIRA;AV MARECHAL MASCARENHAS DE MORAES;;;EMFRENTE AGRANVIA;AV MARECHAL MASCARENHAS DE MORAES;;EMFRENTE AGRANVIA;IMBIRIBEIRA;;AEROPORTO;COLISÃO;COLISÃOSEMVÍTIMAS;1;1;;;;;;;;0;;;;;;;;;;;;;;
2020-03-03;11:07:00;SEM VÍTIMA;FINALIZADA;JORDÃO;AV MARIA IRENE;1225;;EM FRENTE A DINO SORVETES;AV MARIA IRENE;1225;EM FRENTE A DINO SORVETES;JORDÃO;;SUBURBIO;ABALROAMENTO LONGITUDINAL;COLISÃO S/VÍTIMAS ENTRE DOIS AUTOS;2;;;;;;;;;0;;Longo da via;Bom;Não existe;Perfeito estado;Seca;Perfeito estado;Não existe;Não há placas;;Dupla;Faixa contínua;;
2020-03-03;11:56:00;SEM VÍTIMA;CANCELADA;TORRÕES;RUA ZUMBI DOS PALMARES;900;;EM FRENTE A JUNIOR BIKE;RUA ZUMBI DOS PALMARES;900;EM FRENTE A JUNIOR BIKE;TORRÕES;;;COLISÃO;ONIBUS E AUTO;1;;;;;1;;;;0;;;;;;;;;;;;;;
2020-03-03;12:19:00;SEM VÍTIMA;FINALIZADA;IPUTINGA;AV CAXANGA;;RUA GENERAL CANDIDO BORGES CASTELO BRANCO;PERNANBUCO DA SORTE;AV CAXANGA;;PERNANBUCO DA SORTE;IPUTINGA;229;CIDADE;COLISÃO TRASEIRA;ENTRE SEIS VEICULOS// S VÍTIMA;5;;;;;;1;;;0;;Cruzamento;Bom;Sem defeito;Perfeito estado;Seca;Perfeito estado;Faixa de pedestre;R-6a;;Única;Faixa seccionada;;
2020-03-03;12:34:00;SEM VÍTIMA;CANCELADA;IMBIRIBEIRA;AV GENERAL MAC ARTHUR;1504;RUA ANTONIO FALCAO;POSTO BR PETROBAS// SUPER TROCA DE OLEO;AV GENERAL MAC ARTHUR;1504;POSTO BR PETROBAS// SUPER TROCA DE OLEO;IMBIRIBEIRA;;MASCARENHA DE MORAIS;COLISÃO;ENTRE DOIS VEICULOS// S VÍTIMA;2;;;;;;;;;0;;;;;;;;;;;;;;
2020-03-03;12:49:00;SEM VÍTIMA;CANCELADA;BOA VIAGEM;RUA AMALIA BERNARDINO DE SOUZA;149;RUA DOM JOSE LOPES;EM FRENTE AO PLAY SIDE;RUA AMALIA BERNARDINO DE SOUZA;149;EM FRENTE AO PLAY SIDE;BOA VIAGEM;;;COLISÃO;COLISÃO SEM VÍTIMA;2;;;;;;;;;0;;;;;;;;;;;;;;
2020-03-03;12:49:00;COM VÍTIMA;FINALIZADA;CASA AMARELA;AV NORTE;6349;;NA ENTRADA DO VASCO DA GAMA NO SEMAFORO 066;AV NORTE;6349;NA ENTRADA DO VASCO DA GAMA NO SEMAFORO 066;CASA AMARELA;66;CIDADE;COLISÃO COM CICLISTA;CAMINHAO COLIDIU COM DOIS AUTOSE UM CICLISTACOM UMA VÍTIMA;2;;;1;;;1;;;1;;Longo da via;Bom;Sem defeito;Perfeito estado;Seca;Perfeito estado;Faixa de retenção;Outras;60 km/h;Única;Canteiro central;;
2020-03-03;13:03:00;SEM VÍTIMA;FINALIZADA;PARNAMIRIM;RUA DES GOIS CAVALCANTE;;RUA PADRE ROMA;EM FRENTE A PRAÇA DR. LULA CABRAL DE MELO;RUA DES GOIS CAVALCANTE;;EM FRENTE A PRAÇA DR. LULA CABRAL DE MELO;PARNAMIRIM;358;SUBURBIO;COLISÃO TRASEIRA;COLISÃO SEM VÍTIMA;2;;;;;;;;;0;;Cruzamento;Bom;Sem defeito;Perfeito estado;Seca;Perfeito estado;Faixa de pedestre;Outras;40 km/h;Única;Faixa contínua;;
2020-03-03;13:04:00;SEM VÍTIMA;CANCELADA;BOA VIAGEM;RUA ANTONIO FALCAO;482;;PADARIA PAN FALCAO;RUA ANTONIO FALCAO;482;PADARIA PAN FALCAO;BOA VIAGEM;;IMBIRIBEIRA;COLISÃO;COLISAO ENTRE VEICULOS/ S VÍTIMA;2;;;;;;;;;0;;;;;;;;;;;;;;
2020-03-03;13:08:00;SEM VÍTIMA;FINALIZADA;BOA VIAGEM;AV ENGENHEIRO DOMINGOS FERREIRA;;RUA PADRE BERNADINO PESSOA;;AV ENGENHEIRO DOMINGOS FERREIRA;;;BOA VIAGEM;144;SUBURBIO;COLISÃO TRASEIRA;COLISÃO SEM VÍTIMA;2;;;;;;;;;0;;Cruzamento;Bom;Sem defeito;Perfeito estado;Seca;Perfeito estado;Faixa de pedestre;Não há placas;60 km/h;Única;Faixa contínua;;
2020-03-03;13:15:00;SEM VÍTIMA;FINALIZADA;BOA VISTA;RUA JOAQUIM DE BRITO;80;;EM FRENTE AO Nº 50;RUA JOAQUIM DE BRITO;80;EM FRENTE AO Nº 50;BOA VISTA;;CIDADE;ABALROAMENTO LONGITUDINAL;COLISÃO SEM VÍTIMA;2;;;;;;;;;0;;Longo da via;Bom;Não existe;Não existente;Seca;Mal conservada;Não existe;Não há placas;;Única;Não existe;;
2020-03-03;13:44:00;SEM VÍTIMA;FINALIZADA;BOA VISTA;RUA MONTE CASTELO;270;;;RUA MONTE CASTELO;270;;BOA VISTA;;SUBURBIO;COLISÃO TRASEIRA;COLISÃO SEM VÍTIMA;2;;;;;;;;;0;;Longo da via;Bom;Não existe;Perfeito estado;Seca;Perfeito estado;Não existe;Não há placas;;Única;Não existe;;
2020-03-03;14:05:00;SEM VÍTIMA;FINALIZADA;BOA VIAGEM;RUA BALTAZAR PASSOS;515;RUA JOSE HIPOLITO CARDOSO;COFFEE SHOP SÃO BRAZ;RUA BALTAZAR PASSOS;515;COFFEE SHOP SÃO BRAZ;BOA VIAGEM;;;ABALROAMENTO TRANSVERSAL;COLISAO ENTRE ONIBUS E AUTOS S/V;1;;;;;1;;;;0;;Cruzamento;Bom;Não existe;Incompleta;Seca;Perfeito estado;Faixa de pedestre;Não há placas;;Única;Não existe;;
2020-03-03;14:28:00;SEM VÍTIMA;FINALIZADA;BOA VISTA;RUA DO HOSPICIO;;RUA PRINCESA IZABEL;EM FRENTE A CÂMARA DOS VEREADORES;RUA DO HOSPICIO;;EM FRENTE A CÂMARA DOS VEREADORES;BOA VISTA;31;SUBURBIO;ABALROAMENTO LONGITUDINAL;COLISAO S/VÍTIMA ENTRE DOIS VEICULOS;1;;;;;1;;;;0;;Cruzamento;Bom;Sem defeito;Perfeito estado;Seca;Perfeito estado;Agente;Outras;;Dupla;Faixa contínua;Blocos;
2020-03-03;14:30:00;SEM VÍTIMA;FINALIZADA;PRADO;RUA CARLOS DE OLIVEIRA FILHO;65;;;RUA CARLOS DE OLIVEIRA FILHO;65;;PRADO;;;ABALROAMENTO TRANSVERSAL;COLISÃO SEM VÍTIMA;2;;;;;;;;;0;;Longo da via;Bom;Não existe;Incompleta;Seca;Perfeito estado;Não existe;Não há placas;30 km/h;Dupla;Não existe;;
2020-03-03;14:36:00;SEM VÍTIMA;FINALIZADA;ILHA DO RETIRO;EST DOS REMEDIOS;1988;;EM FRENTE HC PNEUS;EST DOS REMEDIOS;1988;EM FRENTE HC PNEUS;ILHA DO RETIRO;;;COLISÃO TRASEIRA;COLISÃO SEM VÍTIMA;3;;;;;;;;;0;;Longo da via;Bom;Sem defeito;Perfeito estado;Seca;Perfeito estado;Agente;;;Única;Faixa seccionada;;
2020-03-03;15:47:00;SEM VÍTIMA;CANCELADA;IBURA;RUA DR SEABRA;130;;EM FRENTE AO EDIFICIO BUCARESTE;RUA DR SEABRA;130;EM FRENTE AO EDIFICIO BUCARESTE;IBURA;;;COLISÃO;COLISÃO SEM VÍTIMA;2;;;;;;;;;0;;;;;;;;;;;;;;
2020-03-03;15:50:00;COM VÍTIMA;FINALIZADA;APIPUCOS;RUA DE APIPUCOS;866;RUA MANDACARU;E/F AO AÇUDE DE APIPUCOS;RUA DE APIPUCOS;866;E/F AO AÇUDE DE APIPUCOS;APIPUCOS;500;CIDADE;COLISÃO COM CICLISTA;COLISAO ENTRE AUTO ,MOTO E CICLISTA;1;1;;1;;;;;;1;;Cruzamento;Bom;Sem defeito;Perfeito estado;Seca;Perfeito estado;Faixa de pedestre;R-6a;;Dupla;Faixa contínua;;
2020-03-03;15:51:00;COM VÍTIMA;FINALIZADA;ILHA DO LEITE;AV JOSE GONCALVES DE MEDEIROS;149;;FARMACIA PAGUE MENOS;AV JOSE GONCALVES DE MEDEIROS;149;FARMACIA PAGUE MENOS;ILHA DO LEITE;;ILHA DO RETIRO;ABALROAMENTO TRANSVERSAL;COLISAO COM VÍTIMA ENTRE UM VEICULO E UMA MOTO;1;1;;;;;;;;1;;Longo da via;Bom;Não existe;Perfeito estado;Seca;Perfeito estado;;Não há placas;;Dupla;Faixa;;
2020-03-03;15:53:00;SEM VÍTIMA;FINALIZADA;COELHOS;RUA DOS COELHOS;441;;EM FRENTE AO HOSPITAL PEDRO II;RUA DOS COELHOS;441;EM FRENTE AO HOSPITAL PEDRO II;COELHOS;359;SUBURBIO;ABALROAMENTO TRANSVERSAL;COLISÃO SEM VÍTIMA;2;;;;;;;;;0;;Longo da via;Bom;Sem defeito;Perfeito estado;Seca;Perfeito estado;Faixa de pedestre;R-6a;30 km/h;Dupla;Faixa contínua;;
2020-03-03;17:19:00;COM VÍTIMA;FINALIZADA;BOA VIAGEM;RUA HENRIQUE DIAS;;;AO LADO DO MEMORIAL SÃO JOSÉ;RUA HENRIQUE DIAS;;AO LADO DO MEMORIAL SÃO JOSÉ;BOA VIAGEM;;CIDADE;ATROPELAMENTO;;;;;;1;1;;;;1;;Longo da via;Bom;Sem defeito;Perfeito estado;Seca;Perfeito estado;Faixa de pedestre;Outras;;Única;Não existe;;
2020-03-03;17:28:00;SEM VÍTIMA;FINALIZADA;CASA AMARELA;RUA BELA VISTA;152;;PADARIA BELA VISTA;RUA BELA VISTA;152;PADARIA BELA VISTA;CASA AMARELA;;SUBURBIO;ABALROAMENTO LONGITUDINAL;COISÃO SEM VÍTIMA;2;;;;;;;;;0;;Longo da via;Bom;Não existe;Não existente;Seca;Perfeito estado;Não existe;Não há placas;;Dupla;Não existe;;
2020-03-03;17:25:00;SEM VÍTIMA;CANCELADA;AREIAS;RUA AURORA CACOTE;642;;SUPERMERCADO QUIPREÇO;RUA AURORA CACOTE;642;SUPERMERCADO QUIPREÇO;AREIAS;;AREIAS;COLISÃO;COLISAO S/ VÍTIMA NETRE DOIS VEICULOS;2;;;;;;;;;0;;;;;;;;;;;;;;
2020-03-03;17:43:00;SEM VÍTIMA;CANCELADA;MADALENA;RUA PROFESSOR BENEDITO MONTEIRO;;;AO LADO DA JURANDIR PIRES;RUA PROFESSOR BENEDITO MONTEIRO;;AO LADO DA JURANDIR PIRES;MADALENA;;;COLISÃO;COLISÃO SEM VÍTIMA;2;;;;;;;;;0;;;;;;;;;;;;;;
2020-03-03;17:45:00;COM VÍTIMA;FINALIZADA;VÁRZEA;AV JOAQUIM RIBEIRO;733;;PROX A BORRACHARIA DO NADOPROX A PONTE S/T DOIS IRMAOS;AV JOAQUIM RIBEIRO;733;PROX A BORRACHARIA DO NADOPROX A PONTE S/T DOIS IRMAOS;VÁRZEA;;SUBURBIO;ABALROAMENTO LONGITUDINAL;COLISAO ENTRE DOIS AUTOS S/V;1;1;;;;;;;;1;;Longo da via;Bom;Não existe;Ilegível;Seca;Perfeito estado;Não existe;Não há placas;;Dupla;;;
2020-03-03;18:46:00;SEM VÍTIMA;FINALIZADA;VÁRZEA;AV AFONSO OLINDENSE;;;EM FRENTE A PARADA DE ÔNIBUS 080256;AV AFONSO OLINDENSE;;EM FRENTE A PARADA DE ÔNIBUS 080256;VÁRZEA;;CIDADE;ABALROAMENTO LONGITUDINAL;COLISAO DE DOIS AUTOS S/V;1;;;;;1;;;;0;;Longo da via;Bom;Não existe;Perfeito estado;Seca;Perfeito estado;Não existe;Não há placas;;Dupla;Faixa contínua;;
2020-03-03;18:55:00;SEM VÍTIMA;CANCELADA;CAXANGÁ;AV CAXANGA;;;ENF A TERMINAL INTEGRADO DA CAXANGA;AV CAXANGA;;ENF A TERMINAL INTEGRADO DA CAXANGA;CAXANGÁ;;;COLISÃO;ONIBUS X FIAT UNO;1;;;;;1;;;;0;;;;;;;;;;;;;;