data;hora;natureza_acidente;situacao;bairro;endereco;numero;detalhe_endereco_acidente;complemento;endereco_cruzamento;numero_cruzamento;referencia_cruzamento;bairro_cruzamento;num_semaforo;sentido_via;tipo;descricao;auto;moto;ciclom;ciclista;pedestre;onibus;caminhao;viatura;outros;vitimas;vitimasfatais;acidente_verificado;tempo_clima;situacao_semaforo;sinalizacao;condicao_via;conservacao_via;ponto_controle;situacao_placa;velocidade_max_via;mao_direcao;divisao_via1;divisao_via2;divisao_via3
2020-03-09;13:20:00;SEM VÍTIMA;FINALIZADA;ENCRUZILHADA;AV BEBERIBE;205;;AUTO ESCOLA NOVA YORK;AV BEBERIBE;205;AUTO ESCOLA NOVA YORK;ENCRUZILHADA;;SUBURBIO;COLISÃO TRASEIRA;COLISAO ENTRE ONIBUS E AUTOS S/V;1;;;;;1;;;;0;;Longo da via;Bom;Sem defeito;Perfeito estado;Seca;Perfeito estado;Faixa de retenção;Outras;;Dupla;Faixa contínua;Faixa seccionada;
2020-03-09;13:26:00;SEM VÍTIMA;FINALIZADA;DERBY;RUA PAISSANDU;;AV GOVERNADOR AGAMENON MAGALHAES;;RUA PAISSANDU;;;DERBY;69;CIDADE;ABALROAMENTO LONGITUDINAL;COLISÃO SEM VÍTIMA;2;;;;;;;;;0;;Cruzamento;Bom;Sem defeito;Perfeito estado;Seca;Perfeito estado;Faixa de pedestre;;;Dupla;Canteiro central;;
2020-03-09;13:45:00;SEM VÍTIMA;FINALIZADA;CASA AMARELA;RUA DA HARMONIA;;;LADO OPOSTO AO NÚMERO 725;RUA DA HARMONIA;;LADO OPOSTO AO NÚMERO 725;CASA AMARELA;;CIDADE;ABALROAMENTO LONGITUDINAL;COLISAO ENTRE ONIBUS E AUTOS S/V;1;;;;;1;;;;0;;Longo da via;Bom;Sem defeito;Perfeito estado;Seca;Perfeito estado;Faixa de pedestre;R-6a;;Dupla;Faixa seccionada;;
2020-03-09;13:52:00;SEM VÍTIMA;CANCELADA;CASA AMARELA;AV NORTE;6429;;APOS A MATERNIDADE BARROS LIMA;AV NORTE;6429;APOS A MATERNIDADE BARROS LIMA;CASA AMARELA;256;SUBURBIO/ CIDADE;COLISÃO;COLISAO S/ VÍTIMA ENTRE DOIS VEICULOS;2;;;;;;;;;0;;;;;;;;;;;;;;
2020-03-09;13:59:00;SEM VÍTIMA;CANCELADA;SANTO ANTÔNIO;RUA IMPERADOR PEDRO SEGUNDO;;;E/F AO ARQUIVO PUBLICO;RUA IMPERADOR PEDRO SEGUNDO;;E/F AO ARQUIVO PUBLICO;SANTO ANTÔNIO;;;COLISÃO COM CICLISTA;VEICULO COLIDIU COM UM CICLISTA S/V;1;;;1;;;;;;0;;;;;;;;;;;;;;
2020-03-09;14:43:00;SEM VÍTIMA;FINALIZADA;CAXANGÁ;AV CAXANGA;;RUA DONA INES CORREA DE ARAUJO;LADO OPOSTO AO RESIDENCIAL CAXANGÁ;AV CAXANGA;;LADO OPOSTO AO RESIDENCIAL CAXANGÁ;CAXANGÁ;232;SUBURBIO;COLISÃO TRASEIRA;COLISAO ENTRE DOIS AUTOS S/V;2;;;;;;;;;0;;Cruzamento;Bom;Sem defeito;Perfeito estado;Seca;Perfeito estado;Faixa de pedestre;Outras;;Dupla;Canteiro central;;
2020-03-09;14:48:00;COM VÍTIMA;FINALIZADA;BOA VISTA;AV CONDE DA BOA VISTA;1370;;EM FRENTE AO POSTO BR/ SENTIDO AGAMENON;AV CONDE DA BOA VISTA;1370;EM FRENTE AO POSTO BR/ SENTIDO AGAMENON;BOA VISTA;299;SUBURBIO;ATROPELAMENTO;ATROPELAMENTO COM VÍTIMA;1;;;;1;;;;;1;;Longo da via;Bom;Sem defeito;Perfeito estado;Seca;Perfeito estado;Faixa de pedestre;Outras;;Dupla;Canteiro central;;
2020-03-09;14:55:00;SEM VÍTIMA;FINALIZADA;ENCRUZILHADA;AV NORTE;;;;AV NORTE;;;ENCRUZILHADA;43;SUBURBIO;ABALROAMENTO LONGITUDINAL;;2;;;;;;;;;0;;Longo da via;Bom;Sem defeito;Perfeito estado;Seca;Perfeito estado;Faixa de pedestre;R-6a;;Única;Faixa seccionada;;
2020-03-09;15:17:00;SEM VÍTIMA;FINALIZADA;PRADO;AV ENGENHEIRO ABDIAS DE CARVALHO;2082;;F S MOTO PEÇAS;AV ENGENHEIRO ABDIAS DE CARVALHO;2082;F S MOTO PEÇAS;PRADO;;SUBURBIO;COLISÃO TRASEIRA;COLISÃO SEM VÍTIMA;2;;;;;;;;;0;;Longo da via;Bom;Não existe;Perfeito estado;Seca;Perfeito estado;Não existe;Não há placas;;Dupla;Canteiro central;;
2020-03-09;16:01:00;SEM VÍTIMA;FINALIZADA;AREIAS;AV DR JOSE RUFINO;1577;;;AV DR JOSE RUFINO;1577;;AREIAS;;SUBURBIO;ABALROAMENTO TRANSVERSAL;COLISÃO SEM VÍTIMA;1;;;;;1;;;;0;;Longo da via;Bom;Sem defeito;Perfeito estado;Seca;Perfeito estado;Outros;Outras;60 km/h;Dupla;Faixa contínua;;
2020-03-09;16:05:00;SEM VÍTIMA;FINALIZADA;ZUMBI;RUA GOMES TABORDA;1719;RUA FRANCISCO VITA;;RUA GOMES TABORDA;1719;;ZUMBI;;SUBURBIO;ABALROAMENTO LONGITUDINAL;COLISAO S/ VÍTIMA. ENTRE CARRO E MOTO;1;1;;;;;;;;0;;Longo da via;Bom;Não existe;Perfeito estado;Seca;Perfeito estado;Não existe;Não há placas;;Dupla;Faixa seccionada;;
2020-03-09;16:11:00;SEM VÍTIMA;FINALIZADA;PAISSANDU;RUA VIS DO LIVRAMENTO;314;RUA PAISSANDU;LADO OPOSTO AO HOSPITAL DO CAPIBARIBE;RUA VIS DO LIVRAMENTO;314;LADO OPOSTO AO HOSPITAL DO CAPIBARIBE;PAISSANDU;;SUBURBIO;ABALROAMENTO LONGITUDINAL;COLISAO ENTRE DOIS AUTOS S/V;2;;;;;;;;;0;;Longo da via;Bom;Não existe;Perfeito estado;Seca;Perfeito estado;Não existe;R-6a;;Única;Não existe;;
2020-03-09;16:13:00;SEM VÍTIMA;FINALIZADA;BOA VIAGEM;AV BOA VIAGEM;3416;;;AV BOA VIAGEM;3416;;BOA VIAGEM;;CIDADE;ABALROAMENTO LONGITUDINAL;COLISÃO SEM VÍTIMA;2;1;;;;;;;;0;;Longo da via;Bom;Não existe;Perfeito estado;Seca;Perfeito estado;Agente;Não há placas;60 km/h;Única;Faixa seccionada;;
2020-03-09;16:22:00;SEM VÍTIMA;DUPLICIDADE;BOA VISTA;RUA PAISSANDU;750;;EM FRENTE AO HOSPITAL CAPIBARIBE;RUA PAISSANDU;750;EM FRENTE AO HOSPITAL CAPIBARIBE;BOA VISTA;;;COLISÃO;COLISAO S/ VÍTIMA ENTRE DOIS VEICULOS;2;;;;;;;;;0;;;;;;;;;;;;;;
2020-03-09;16:48:00;SEM VÍTIMA;FINALIZADA;IBURA;RUA NOVA PALMEIRA;23;;;RUA NOVA PALMEIRA;23;;IBURA;;SUBURBIO;COLISÃO TRASEIRA;COLISÃO SEM VÍTIMA;2;;;;;;;;;0;;Longo da via;Bom;Não existe;Não existente;Seca;Perfeito estado;Não existe;Não há placas;60 km/h;Dupla;Não existe;;
2020-03-09;16:56:00;SEM VÍTIMA;CANCELADA;BONGI;AV ENGENHEIRO ABDIAS DE CARVALHO;;;E/F A FACULDADE ESTACIO S/T CID;AV ENGENHEIRO ABDIAS DE CARVALHO;;E/F A FACULDADE ESTACIO S/T CID;BONGI;;;COLISÃO;COLISAO ENTRE DOIS AUTOS S/V;2;;;;;;;;;0;;;;;;;;;;;;;;
2020-03-09;17:16:00;SEM VÍTIMA;FINALIZADA;GRAÇAS;RUA AMARO BEZERRA;433;RUA JOAQUIM NABUCO;EM FRENTE A GALERIA DERBY CENTER;RUA AMARO BEZERRA;433;EM FRENTE A GALERIA DERBY CENTER;GRAÇAS;71;SUBURBIO;ABALROAMENTO LONGITUDINAL;COLISÃO SEM VÍTIMA;1;;;;;1;;;;0;;Cruzamento;Bom;Sem defeito;Perfeito estado;Seca;Perfeito estado;Faixa de pedestre;R-4b;;Única;Não existe;;
2020-03-09;17:16:00;SEM VÍTIMA;FINALIZADA;IPSEP;AV RECIFE;;;CARLOS FILMS EQUIPADORA;AV RECIFE;;CARLOS FILMS EQUIPADORA;IPSEP;319;;COLISÃO TRASEIRA;COLISAO S/ VÍTIMA ENTRE DOIS VEICULOS;2;;;;;;;;;0;;Longo da via;Bom;Sem defeito;Perfeito estado;Seca;Perfeito estado;Faixa de pedestre;Outras;60 km/h;Dupla;Faixa contínua;Faixa seccionada;Canteiro central
2020-03-09;18:12:00;SEM VÍTIMA;FINALIZADA;IMBIRIBEIRA;AV MARECHAL MASCARENHAS DE MORAES;;;SOBRE O VIADULTO TANCREDO NEVES;AV MARECHAL MASCARENHAS DE MORAES;;SOBRE O VIADULTO TANCREDO NEVES;IMBIRIBEIRA;;SUBURBIO;COLISÃO TRASEIRA;PRISMA X VOYAGE;2;;;;;;;;;0;;Longo da via;Bom;Não existe;Perfeito estado;Seca;Perfeito estado;Agente;Não há placas;40 km/h;Única;Faixa seccionada;;
2020-03-09;18:28:00;SEM VÍTIMA;FINALIZADA;CAMPO GRANDE;EST DE BELEM;1217;RUA JERONIMO VILELA;IGREJA EVANGELICA BRASILEIRA;EST DE BELEM;1217;IGREJA EVANGELICA BRASILEIRA;CAMPO GRANDE;;CIDADE;ABALROAMENTO LONGITUDINAL;CAMINHAO X GRAND SIENA;1;;;;;;1;;;0;;Longo da via;Bom;Sem defeito;Perfeito estado;Seca;Perfeito estado;Faixa de pedestre;Não há placas;;Dupla;Faixa seccionada;;
2020-03-09;18:33:00;SEM VÍTIMA;FINALIZADA;;RUA MADRE DEUS;;CAIS DA ALFANDEGA;ESTACIONAMENTO PAÇO ALFÂNDEGA;RUA MADRE DEUS;;ESTACIONAMENTO PAÇO ALFÂNDEGA;;477;SUBURBIO;ABALROAMENTO LONGITUDINAL;TAXI E CAMINHAO;1;;;;;;1;;;0;;Cruzamento;Bom;Sem defeito;Perfeito estado;Seca;Perfeito estado;Agente;Não há placas;;Única;Faixa contínua;;
2020-03-09;18:35:00;COM VÍTIMA;FINALIZADA;IPSEP;RUA JEAN EMILE FAVRE;539;;PROX A FACULDADE BOA VIAGEM;RUA JEAN EMILE FAVRE;539;PROX A FACULDADE BOA VIAGEM;IPSEP;;CIDADE;ABALROAMENTO LONGITUDINAL;COLISAO COM VÍTIMAS;1;1;;;;;;;;1;;Longo da via;Bom;Não existe;Perfeito estado;Seca;Perfeito estado;Não existe;Outras;;Dupla;Faixa contínua;Faixa seccionada;
2020-03-09;19:03:00;SEM VÍTIMA;CANCELADA;BOA VIAGEM;RUA SA E SOUZA;263;;ENF. AO EDF. MIRA MAR E PADARIA SANTA ROSA;RUA SA E SOUZA;263;ENF. AO EDF. MIRA MAR E PADARIA SANTA ROSA;BOA VIAGEM;;;COLISÃO;HB 20 X PALIO;2;;;;;;;;;0;;;;;;;;;;;;;;
2020-03-09;19:08:00;SEM VÍTIMA;CANCELADA;BOA VIAGEM;RUA JOSE HIPOLITO CARDOSO;225;RUA GENERAL SALGADO;ENF. A BUDEGA DO RAFHA;RUA JOSE HIPOLITO CARDOSO;225;ENF. A BUDEGA DO RAFHA;BOA VIAGEM;;;COLISÃO;ONIBUS BORBOREMA X PORSCHE;1;;;;;1;;;;0;;;;;;;;;;;;;;
2020-03-09;19:14:00;SEM VÍTIMA;CANCELADA;BREJO DE BEBERIBE;RUA ALTO DO EUCALIPTO;816;;PROX ASSOCIAÇAO DOS MORADORES;RUA ALTO DO EUCALIPTO;816;PROX ASSOCIAÇAO DOS MORADORES;BREJO DE BEBERIBE;;;COLISÃO;DOIS AUTOS;2;;;;;;;;;0;;;;;;;;;;;;;;
2020-03-09;19:17:00;SEM VÍTIMA;FINALIZADA;PINA;AV ANTONIO DE GOES;;;EM FRENTE AO EMPRESARIAL JCPM;AV ANTONIO DE GOES;;EM FRENTE AO EMPRESARIAL JCPM;PINA;;CIDADE;ABALROAMENTO LONGITUDINAL;COLISAO DE DOIS AUTOS;2;;;;;;;;;0;;Longo da via;Bom;Não existe;Perfeito estado;Seca;Perfeito estado;Não existe;Outras;60 km/h;Dupla;Faixa contínua;Canteiro central;
2020-03-09;19:43:00;COM VÍTIMA;CANCELADA;IPSEP;AV RECIFE;2785;;PROX A FARMACIA PAGUEMENOS EMERCANTIL BATERIAS //SENTIDO CAXANGA;AV RECIFE;2785;PROX A FARMACIA PAGUEMENOS EMERCANTIL BATERIAS //SENTIDO CAXANGA;IPSEP;;;COLISÃO;MOTO X HB 20;1;1;;;;;;;;1;;;;;;;;;;;;;;
2020-03-09;19:57:00;SEM VÍTIMA;FINALIZADA;PINA;AV ENGENHEIRO DOMINGOS FERREIRA;0;;E/F ESCOLA MUNICIPAL OSWALDO LIMA FILHO;AV ENGENHEIRO DOMINGOS FERREIRA;0;E/F ESCOLA MUNICIPAL OSWALDO LIMA FILHO;PINA;200;SUBURBIO;ABALROAMENTO LONGITUDINAL;ONIBUS BORBOREMA X AUTO;1;;;;;1;;;;0;;Longo da via;Bom;Sem defeito;Perfeito estado;Seca;Perfeito estado;Faixa de pedestre;;;Única;Canteiro central;;
2020-03-09;20:01:00;COM VÍTIMA;FINALIZADA;DOIS UNIDOS;AV HILDEBRANDO DE VASCONCELOS;1017;;E/F A FABRICA DA MINEVA;AV HILDEBRANDO DE VASCONCELOS;1017;E/F A FABRICA DA MINEVA;DOIS UNIDOS;;SUBURBIO;ABALROAMENTO LONGITUDINAL;COLISAO COM VÍTIMAS;;2;;;;;;;;3;;Longo da via;Bom;Não existe;Perfeito estado;Seca;;Não existe;Outras;;Dupla;Não existe;;
2020-03-09;20:04:00;COM VÍTIMA;FINALIZADA;TORRE;RUA JOAO TUDE DE MELO;;;SOBRE A PONTE DA TORRE SENTIDO DE CASA AMARELA;RUA JOAO TUDE DE MELO;;SOBRE A PONTE DA TORRE SENTIDO DE CASA AMARELA;TORRE;;SUBURBIO;COLISÃO TRASEIRA;MOTO XAUTO;1;1;;;;;;;;1;;Viaduto;Bom;Não existe;Não existente;Seca;Perfeito estado;;Não há placas;;Dupla;Canteiro central;;
2020-03-09;20:19:00;SEM VÍTIMA;FINALIZADA;GRAÇAS;RUA DEPUTADO PEDRO PIRES FERREIRA;913;;GALERIA JAQUEIRA PARK CENTER;RUA DEPUTADO PEDRO PIRES FERREIRA;913;GALERIA JAQUEIRA PARK CENTER;GRAÇAS;;SUBURBIO;COLISÃO TRASEIRA;HONDA FIT X ECOESPORT;2;;;;;;;;;0;;Longo da via;Bom;Não existe;Perfeito estado;Seca;Perfeito estado;Não existe;Não há placas;;Dupla;Não existe;;
2020-03-09;20:47:00;SEM VÍTIMA;CANCELADA;MADALENA;RUA DEMOCRITO DE SOUZA FILHO;;RUA JOSE OSORIO;NO CRUZAMENTO MESMO;RUA DEMOCRITO DE SOUZA FILHO;;NO CRUZAMENTO MESMO;MADALENA;;;COLISÃO;COLISAO S/ VÍTIMAS;2;;;;;;;;;0;;;;;;;;;;;;;;
2020-03-09;21:06:00;SEM VÍTIMA;FINALIZADA;TORRE;RUA SOUZA BANDEIRA;;RUA TOMAZ GONZAGA;ESQUINA BAR DO LOURENÇO;RUA SOUZA BANDEIRA;;ESQUINA BAR DO LOURENÇO;TORRE;448;SUBURBIO;ABALROAMENTO TRANSVERSAL;GOL X SANDERO;2;;;;;;;;;0;;Cruzamento;Bom;Com defeito;Perfeito estado;Seca;Perfeito estado;Faixa de pedestre;;;Dupla;Faixa seccionada;;
2020-03-09;21:55:00;SEM VÍTIMA;FINALIZADA;SAN MARTIN;RUA JOSE VELOSO;;RUA APULCRO DE ASSUNCAO;;RUA JOSE VELOSO;;;SAN MARTIN;;;ABALROAMENTO TRANSVERSAL;PRISMA X MARCH;2;;;;;;;;;0;;Cruzamento;Bom;Não existe;Perfeito estado;Seca;Perfeito estado;Não existe;Não há placas;;Dupla;Não existe;;
2020-03-10;06:48:00;SEM VÍTIMA;FINALIZADA;MADALENA;EST DOS REMEDIOS;2024;;EMFRENTEA CONSUMA;EST DOS REMEDIOS;2024;EMFRENTEA CONSUMA;MADALENA;;;ABALROAMENTO TRANSVERSAL;COLISÃOSEMVÍTIMAS;2;;;;;;;;;0;;Longo da via;Bom;Não existe;Perfeito estado;Seca;Perfeito estado;Agente;Placas Pare;;Única;Faixa seccionada;;
2020-03-10;06:49:00;COM VÍTIMA;FINALIZADA;PINA;AV HERCULANO BANDEIRA;;;;AV HERCULANO BANDEIRA;;;PINA;657;SUBURBIO;COLISÃO TRASEIRA;COLISÃO ENTRE AOUTO E MOTO COM 1 VÍTIMA;1;1;;;;;;;;1;;Longo da via;Bom;Sem defeito;Perfeito estado;Seca;Perfeito estado;Faixa de pedestre;Outras;;Única;Faixa contínua;;
2020-03-10;06:57:00;SEM VÍTIMA;FINALIZADA;PRADO;AV ENGENHEIRO ABDIAS DE CARVALHO;333;;POSTO SHELL;AV ENGENHEIRO ABDIAS DE CARVALHO;333;POSTO SHELL;PRADO;;CIDADE;COLISÃO TRASEIRA;COLISAO SEM VITMAS ENTRE UMA MOTO E DOIS CARROS;2;1;;;;;;;;0;;Longo da via;Bom;Não existe;Perfeito estado;Seca;Perfeito estado;Não existe;Não há placas;;Única;Faixa seccionada;;
2020-03-10;06:59:00;COM VÍTIMA;FINALIZADA;CORDEIRO;RUA FRANCISCO CORTEZ;50;RUA WALFRIDO DE MEDEIROS;APOS O SUPERMERCADO IDEAL SEGUNDA A ESQ.;RUA FRANCISCO CORTEZ;50;APOS O SUPERMERCADO IDEAL SEGUNDA A ESQ.;CORDEIRO;;;ABALROAMENTO TRANSVERSAL;MOTO E AUTO C/V;1;1;;;;;;;;1;;Cruzamento;Bom;Não existe;;Seca;;Não existe;Não há placas;;Dupla;Não existe;;
2020-03-10;07:21:00;SEM VÍTIMA;FINALIZADA;IPUTINGA;EST DO BARBALHO;229;;ANTONIA PLACAS;EST DO BARBALHO;229;ANTONIA PLACAS;IPUTINGA;;CIDADE;ABALROAMENTO TRANSVERSAL;DOIS AUTOS;1;;;;;1;;;;0;;Longo da via;Bom;Não existe;Perfeito estado;Seca;Perfeito estado;Não existe;Não há placas;40 km/h;Única;Não existe;;
2020-03-10;07:51:00;SEM VÍTIMA;FINALIZADA;PINA;PTE AGAMENON MAGALHAES;;;E/F AO RESTAURANTE BARGAÇO;PTE AGAMENON MAGALHAES;;E/F AO RESTAURANTE BARGAÇO;PINA;;CIDADE;COLISÃO FRONTAL;COLISÃO S/VÍTIMAS ENTRE DOIS AUTOS;2;;;;;;;;;0;;Ponte;Bom;Sem defeito;Perfeito estado;Seca;Perfeito estado;Não existe;Não há placas;60 km/h;Única;Faixa seccionada;;
2020-03-10;07:51:00;COM VÍTIMA;FINALIZADA;CAMPO GRANDE;EST DE BELEM;848;RUA PRUDENTE DE MORAES;CLINICA CENTRAL;EST DE BELEM;848;CLINICA CENTRAL;CAMPO GRANDE;94;SUBURBIO;ATROPELAMENTO;COM VÍTIMAS;1;;;;1;;;;;1;;Cruzamento;Bom;Sem defeito;Perfeito estado;Seca;Perfeito estado;Faixa de pedestre;Outras;;Dupla;Faixa contínua;;
2020-03-10;08:03:00;SEM VÍTIMA;FINALIZADA;CIDADE UNIVERSITÁRIA;RUA GENERAL POLIDORO;494;RUA MARECHAL MANOEL LUIS OSORIO;PETISCARIA 351;RUA GENERAL POLIDORO;494;PETISCARIA 351;CIDADE UNIVERSITÁRIA;;SUBURBIO;COLISÃO TRASEIRA;COLISÃO SEMVÍTIMAS;1;;;;;1;;;;0;;Longo da via;Bom;Não existe;Perfeito estado;Seca;Perfeito estado;Não existe;;30 km/h;Dupla;Faixa contínua;;
2020-03-10;08:14:00;SEM VÍTIMA;FINALIZADA;VÁRZEA;AV CAXANGA;4617;RUA GENERAL POLIDORO;EM FRENTE A FIAT ITALIANA;AV CAXANGA;4617;EM FRENTE A FIAT ITALIANA;VÁRZEA;231;CIDADE;COLISÃO TRASEIRA;DOIS AUTOSPONTO FIXO;2;;;;;;;;;0;;Longo da via;Bom;Sem defeito;Ilegível;Seca;Perfeito estado;Faixa de pedestre;Não há placas;60 km/h;Dupla;Canteiro central;;
2020-03-10;08:05:00;SEM VÍTIMA;FINALIZADA;BOA VIAGEM;AV BOA VIAGEM;704;;;AV BOA VIAGEM;704;;BOA VIAGEM;121;SUBURBIO;ABALROAMENTO LONGITUDINAL;COLISÃO S/VÍTIMAS ENTRE DOIS AUTOS;2;;;;;;;;;0;;Longo da via;Bom;Sem defeito;Perfeito estado;Seca;Perfeito estado;Faixa de pedestre;Não há placas;;Única;Faixa seccionada;;
2020-03-10;08:27:00;SEM VÍTIMA;FINALIZADA;MADALENA;RUA REAL DA TORRE;737;;BARTZ MÓVEIS PLANEJADOS;RUA REAL DA TORRE;737;BARTZ MÓVEIS PLANEJADOS;MADALENA;;CIDADE;ABALROAMENTO LONGITUDINAL;DOIS AUTOS;2;;;;;;;;;0;;Longo da via;Bom;Não existe;Perfeito estado;Seca;Perfeito estado;Não existe;Outras;;Única;Faixa seccionada;;
2020-03-10;08:46:00;SEM VÍTIMA;FINALIZADA;IMBIRIBEIRA;RUA ENGENHEIRO BRANDAO CAVALCANTE;;RUA GENERAL GOES MONTEIRO;;RUA ENGENHEIRO BRANDAO CAVALCANTE;;;IMBIRIBEIRA;;CIDADE;ABALROAMENTO LONGITUDINAL;COLISÃO S/VÍTIMAS ENTRE DOIS AUTOS;2;;;;;;;;;0;;Cruzamento;Bom;Não existe;Perfeito estado;Seca;Perfeito estado;Não existe;Placas Pare;30 km/h;Dupla;Não existe;;
2020-03-10;09:16:00;SEM VÍTIMA;FINALIZADA;CABANGA;AV SATURNINO DE BRITO;472;;E/F A ESTAÇÃO DA COMPESA;AV SATURNINO DE BRITO;472;E/F A ESTAÇÃO DA COMPESA;CABANGA;;;COLISÃO;COLISÃO S/VÍTIMAS ENTRE DOIS AUTOS;2;;;;;;;;;0;;;;;;;;;;;;;;
2020-03-10;09:17:00;SEM VÍTIMA;FINALIZADA;GRAÇAS;RUA AMELIA;;RUA DR VICENTE MEIRA;GALETO AMÉLIA;RUA AMELIA;;GALETO AMÉLIA;GRAÇAS;;SUBURBIO;ABALROAMENTO LONGITUDINAL;COLISÃO ENTRE DOIS AUTOS SEM VÍTIMAS;2;;;;;;;;;0;;Longo da via;Bom;Não existe;Perfeito estado;Seca;Perfeito estado;Não existe;Outras;30 km/h;Única;Não existe;;
2020-03-10;09:21:00;SEM VÍTIMA;FINALIZADA;TORREÃO;RUA OTHON PARAISO;;AV GOVERNADOR AGAMENON MAGALHAES;PRÉDIO LIMA FALCÃO E ADVOGADOS;RUA OTHON PARAISO;;PRÉDIO LIMA FALCÃO E ADVOGADOS;TORREÃO;;;ABALROAMENTO TRANSVERSAL;DOIS AUTOS;2;;;;;;;;;0;;Cruzamento;Bom;Não existe;Perfeito estado;Seca;;Não existe;Placas Pare;;Dupla;Canteiro central;;
2020-03-10;09:40:00;SEM VÍTIMA;FINALIZADA;IMBIRIBEIRA;RUA BARAO DE SOUZA LEAO;;RUA WALDEMAR NERY CARNEIRO MONTEIRO;EM FRENTE AO BAITA BURGER;RUA BARAO DE SOUZA LEAO;;EM FRENTE AO BAITA BURGER;IMBIRIBEIRA;;;ABALROAMENTO LONGITUDINAL;COLISÃO S/VÍTIMAS ENTRE DOIS AUTOS;2;;;;;;;;;0;;Longo da via;Bom;Não existe;Perfeito estado;Seca;Perfeito estado;Não existe;Não há placas;;Única;Faixa seccionada;;
2020-03-10;09:44:00;SEM VÍTIMA;CANCELADA;CORDEIRO;RUA PIERRE CURIE;;RUA MAURICIO DE NASSAU;EMFRENTEAOPOSTODE GASOLINAPETROCAL;RUA PIERRE CURIE;;EMFRENTEAOPOSTODE GASOLINAPETROCAL;CORDEIRO;;;COLISÃO;COLISÃOSEMVÍTIMAS;1;1;;;;;;;;0;;;;;;;;;;;;;;
2020-03-10;09:59:00;SEM VÍTIMA;FINALIZADA;AFLITOS;CAIS DO APOLO;925;;AO LADO DA PREFEITURA DO RECIFE;CAIS DO APOLO;925;AO LADO DA PREFEITURA DO RECIFE;AFLITOS;;SUBURBIO;ABALROAMENTO LONGITUDINAL;COLISÃO S/VÍTIMAS ENTRE DOIS AUTOS;2;;;;;;;;;0;;Longo da via;Bom;Não existe;Perfeito estado;Seca;Perfeito estado;Agente;R-6a;;Dupla;Canteiro central;;
2020-03-10;10:52:00;SEM VÍTIMA;CANCELADA;AFOGADOS;RUA NAPOLEAO TEIXEIRA DE MACEDO;70;;RESIDENCIA PROXOCDDDOS CORREIOS;RUA NAPOLEAO TEIXEIRA DE MACEDO;70;RESIDENCIA PROXOCDDDOS CORREIOS;AFOGADOS;;;COLISÃO;COLISÃOSEMVÍTIMAS;1;;;;;;1;;;0;;;;;;;;;;;;;;
2020-03-10;11:31:00;SEM VÍTIMA;FINALIZADA;BOA VIAGEM;AV DES JOSE NEVES;334;;EM FRENTE AO Nº 334;AV DES JOSE NEVES;334;EM FRENTE AO Nº 334;BOA VIAGEM;;CIDADE;COLISÃO TRASEIRA;COLISÃO S/VÍTIMAS ENTRE DOIS AUTOS;2;;;;;;;;;0;;Longo da via;Bom;Não existe;Perfeito estado;Seca;Perfeito estado;Faixa de pedestre;;50 km/h;Dupla;Faixa seccionada;Canal;
2020-03-10;11:38:00;SEM VÍTIMA;FINALIZADA;TAMARINEIRA;RUA PADRE ROMA;652;RUA MIZAEL MONTENEGRO;;RUA PADRE ROMA;652;;TAMARINEIRA;;;ABALROAMENTO TRANSVERSAL;COLISÃOSEMVÍTIMAS;2;;;;;;;;;0;;Longo da via;Bom;Não existe;Perfeito estado;Seca;Perfeito estado;Faixa de retenção;Placas Pare;30 km/h;Dupla;Faixa seccionada;;
2020-03-10;12:13:00;SEM VÍTIMA;FINALIZADA;BAIRRO DO RECIFE;CAIS DO APOLO;739;;EM FRENTE AO TRT;CAIS DO APOLO;739;EM FRENTE AO TRT;BAIRRO DO RECIFE;;CIDADE;ABALROAMENTO LONGITUDINAL;COLISAO S/ VÍTIMA ENTRE DOIS VEICULOS.;2;;;;;;;;;0;;Longo da via;Bom;Sem defeito;Perfeito estado;Seca;Perfeito estado;Não existe;Outras;;Dupla;Canteiro central;;
2020-03-10;12:15:00;SEM VÍTIMA;CANCELADA;AFOGADOS;RUA SAO MIGUEL;436;;EM FRENTE AO POSTO DISLUB;RUA SAO MIGUEL;436;EM FRENTE AO POSTO DISLUB;AFOGADOS;;;COLISÃO;COLISÃO SEM VÍTIMA;1;1;;;;;;;;0;;;;;;;;;;;;;;
2020-03-10;13:29:00;SEM VÍTIMA;FINALIZADA;AFOGADOS;RUA IMPERIAL;2006;;;RUA IMPERIAL;2006;;AFOGADOS;;SUBURBIO;ABALROAMENTO LONGITUDINAL;COLISAO ENTRE CAMINHAO E AUTO S/V;1;;;;;;1;;;0;;Longo da via;Bom;Sem defeito;;Seca;;Não existe;R-6a;;Única;Não existe;;