data;hora;natureza_acidente;situacao;bairro;endereco;numero;detalhe_endereco_acidente;complemento;endereco_cruzamento;numero_cruzamento;referencia_cruzamento;bairro_cruzamento;num_semaforo;sentido_via;tipo;descricao;auto;moto;ciclom;ciclista;pedestre;onibus;caminhao;viatura;outros;vitimas;vitimasfatais;acidente_verificado;tempo_clima;situacao_semaforo;sinalizacao;condicao_via;conservacao_via;ponto_controle;situacao_placa;velocidade_max_via;mao_direcao;divisao_via1;divisao_via2;divisao_via3
2020-03-10;13:58:00;SEM VÍTIMA;FINALIZADA;CASA AMARELA;;5944;RUA JAPARATUBA;PRÓXIMO MERCADO DO ÓLEO;;5944;PRÓXIMO MERCADO DO ÓLEO;CASA AMARELA;;SUBURBIO;ABALROAMENTO LONGITUDINAL;COLISÃO SEM VÍTIMA;1;;;;;1;;;;0;;;Bom;Não existe;Perfeito estado;Seca;Perfeito estado;;Outras;;Dupla;Blocos;;
2020-03-10;14:20:00;SEM VÍTIMA;FINALIZADA;ILHA DO LEITE;RUA FRANCISCO ALVES;;;AO LADO DO SEBRE;RUA FRANCISCO ALVES;;AO LADO DO SEBRE;ILHA DO LEITE;;;ABALROAMENTO LONGITUDINAL;COLISAO S/VÍTIMA ENTRE DOIS VEICULOS;2;;;;;;;;;0;;Longo da via;Bom;Não existe;Perfeito estado;Seca;Perfeito estado;Faixa de pedestre;Outras;;Dupla;Canteiro central;;
2020-03-10;14:41:00;SEM VÍTIMA;FINALIZADA;BONGI;AV ENGENHEIRO ABDIAS DE CARVALHO;;;PRAÇA DA CHESF;AV ENGENHEIRO ABDIAS DE CARVALHO;;PRAÇA DA CHESF;BONGI;422;CIDADE;COLISÃO TRASEIRA;COLISIAO ENTRE TRES AUTOS S/V;3;;;;;;;;;0;;Longo da via;Bom;Sem defeito;Perfeito estado;Seca;Perfeito estado;Faixa de retenção;Não há placas;60 km/h;Dupla;Canteiro central;;
2020-03-10;15:05:00;COM VÍTIMA;FINALIZADA;ESPINHEIRO;RUA DO ESPINHEIRO;468;AV CONS ROSA E SILVA;HOSPITAL DO SERVIDOR;RUA DO ESPINHEIRO;468;HOSPITAL DO SERVIDOR;ESPINHEIRO;;;ATROPELAMENTO;COLISAO COM VÍTIMA ENTRE MOTO E PEDESTRE. VT 13;;1;;;1;;;;;1;;Esquina;Bom;Não existe;Perfeito estado;Seca;Perfeito estado;Não existe;;;Única;Faixa seccionada;;
2020-03-10;15:28:00;COM VÍTIMA;FINALIZADA;ÁGUA FRIA;RUA ALEGRE;;RUA ZEFERINO AGRA;COLEGIO ALFREDO FREIRE;RUA ALEGRE;;COLEGIO ALFREDO FREIRE;ÁGUA FRIA;431;SUBURBIO;ABALROAMENTO TRANSVERSAL;COLISAO COM VÍTIMA ENTRE MOTO E VEICULO;1;1;;;;;;;;1;;Cruzamento;Bom;Sem defeito;Perfeito estado;Seca;Perfeito estado;Faixa de pedestre;Placas Pare;40 km/h;Única;Não existe;;
2020-03-10;15:31:00;COM VÍTIMA;FINALIZADA;MADALENA;AV JOSE GONCALVES DE MEDEIROS;138;RUA COMENDADOR BENTO AGUIAR;PROXIMO A PAGUE MENOS;AV JOSE GONCALVES DE MEDEIROS;138;PROXIMO A PAGUE MENOS;MADALENA;;SUBURBIO;ABALROAMENTO LONGITUDINAL;COLISÃO COM VÍTIMA;1;1;;;;;;;;1;;Cruzamento;Bom;Não existe;Perfeito estado;Seca;Perfeito estado;Não existe;Não há placas;;Dupla;Faixa contínua;;
2020-03-10;16:06:00;SEM VÍTIMA;FINALIZADA;MADALENA;AV VISCONDE DE ALBUQUERQUE;;RUA LOPES DE CARVALHO;;AV VISCONDE DE ALBUQUERQUE;;;MADALENA;;SUBURBIO;ABALROAMENTO TRANSVERSAL;COLISÃO SEM VÍTIMA;2;;;;;;;;;0;;Cruzamento;Bom;Não existe;Perfeito estado;Seca;Perfeito estado;Não existe;R-24a;;Única;Faixa seccionada;;
2020-03-10;16:15:00;SEM VÍTIMA;FINALIZADA;PINA;AV HERCULANO BANDEIRA;1001;;EM FRENTE AO ATACADO DA CONSTRUÇÃO;AV HERCULANO BANDEIRA;1001;EM FRENTE AO ATACADO DA CONSTRUÇÃO;PINA;660;SUBURBIO;ABALROAMENTO LONGITUDINAL;COLISÃO SEM VÍTIMA;1;1;;;;;;;;0;;Longo da via;Bom;Sem defeito;Perfeito estado;Seca;Perfeito estado;Faixa de pedestre;Outras;60 km/h;Única;Faixa contínua;Faixa seccionada;
2020-03-10;16:16:00;COM VÍTIMA;FINALIZADA;ILHA DO LEITE;AV GOVERNADOR AGAMENON MAGALHAES;550;RUA PAISSANDU;HOSPITAL PORTUGUES;AV GOVERNADOR AGAMENON MAGALHAES;550;HOSPITAL PORTUGUES;ILHA DO LEITE;69;SUBURBIO;ABALROAMENTO TRANSVERSAL;COLISAO COM VÍTIMA ENTRE AMBULANCIA E MOTO.;;1;;;;;1;;;1;;Cruzamento;Bom;Sem defeito;Perfeito estado;Seca;Perfeito estado;Faixa de pedestre;Outras;;Única;Canteiro central;;
2020-03-10;17:19:00;SEM VÍTIMA;FINALIZADA;SANTO AMARO;AV GOVERNADOR AGAMENON MAGALHAES;;;PRÓXIMO SEMÁFORO 378 , SENTIDO OLINDA;AV GOVERNADOR AGAMENON MAGALHAES;;PRÓXIMO SEMÁFORO 378 , SENTIDO OLINDA;SANTO AMARO;378;SUBURBIO;COLISÃO TRASEIRA;COLISÃO SEM VÍTIMA;2;;;;;;;;;0;;Longo da via;Bom;Sem defeito;Perfeito estado;Seca;Perfeito estado;Não existe;Não há placas;60 km/h;Dupla;Faixa seccionada;Canteiro central;
2020-03-10;17:32:00;COM VÍTIMA;FINALIZADA;CAXANGÁ;AV CAXANGA;893;;E/F A ESTAÇAO ZUMBI;AV CAXANGA;893;E/F A ESTAÇAO ZUMBI;CAXANGÁ;;SUBURBIO;COLISÃO COM CICLISTA;COLISAO DE MOTO COM CICLISTA;;1;;1;;;;;;1;;Longo da via;Bom;Sem defeito;Perfeito estado;Seca;Perfeito estado;Faixa de pedestre;Outras;;Única;Faixa seccionada;;
2020-03-10;17:32:00;SEM VÍTIMA;FINALIZADA;TORRE;RUA DOM MANOEL DA COSTA;;RUA PADRE LANDIM;AO LADO DO Nº 349;RUA DOM MANOEL DA COSTA;;AO LADO DO Nº 349;TORRE;;;ABALROAMENTO TRANSVERSAL;COLISÃO SEM VÍTIMA;2;;;;;;;;;0;;Cruzamento;Bom;Sem defeito;;Seca;;Faixa de pedestre;R-6a;;Única;;;
2020-03-10;18:55:00;COM VÍTIMA;FINALIZADA;JORDÃO;AV MARIA IRENE;;;E/F AO POSTO IPIRANGA E NA FEIRA DO JORDÃO, SNT AEROPORTO;AV MARIA IRENE;;E/F AO POSTO IPIRANGA E NA FEIRA DO JORDÃO, SNT AEROPORTO;JORDÃO;;SUBURBIO;ABALROAMENTO LONGITUDINAL;ENTRE MOTO E AUTO. C/V;1;1;;;;;;;;1;;Longo da via;Bom;Não existe;Ilegível;Seca;Mal iluminada;Não existe;Não há placas;;Dupla;Faixa contínua;;
2020-03-10;19:54:00;COM VÍTIMA;FINALIZADA;MADALENA;AV JOSE GONCALVES DE MEDEIROS;84;RUA SENADOR FABIO DE BARROS;ENF. AO EXTRA;AV JOSE GONCALVES DE MEDEIROS;84;ENF. AO EXTRA;MADALENA;;SUBURBIO;ATROPELAMENTO;MOTO X PEDESTRE;;1;;;1;;;;;2;;Longo da via;Bom;Não existe;;Seca;Perfeito estado;Não existe;;;Dupla;Faixa contínua;;
2020-03-10;20:25:00;SEM VÍTIMA;FINALIZADA;SANTO AMARO;AV CRUZ CABUGA;;;HOSPITAL SANTA CASA DA MISERICÓRDIA;AV CRUZ CABUGA;;HOSPITAL SANTA CASA DA MISERICÓRDIA;SANTO AMARO;;SUBURBIO;ABALROAMENTO LONGITUDINAL;ENTRE ÔNIBUS E AUTO PASSEIO. S/V;1;;;;;1;;;;0;;Longo da via;Bom;Sem defeito;Perfeito estado;Seca;Perfeito estado;Não existe;Não há placas;60 km/h;Dupla;Faixa contínua;;
2020-03-10;20:38:00;SEM VÍTIMA;CANCELADA;TORRE;RUA REAL DA TORRE;1645;;E/F AO COLÉGIO DESPERTAR E PRÓX AO CARREFOUR;RUA REAL DA TORRE;1645;E/F AO COLÉGIO DESPERTAR E PRÓX AO CARREFOUR;TORRE;;;COLISÃO;ENTRE 2 AUTOS. S/V;2;;;;;;;;;0;;;;;;;;;;;;;;
2020-03-10;21:44:00;COM VÍTIMA;CANCELADA;IPSEP;RUA ADERBAL DE MELO;135;RUA HELIO BRANDAO;E/F AO RESTAURANTE FEIJOADA DO JOÃO;RUA ADERBAL DE MELO;135;E/F AO RESTAURANTE FEIJOADA DO JOÃO;IPSEP;;;COLISÃO;ENTRE AUTO E MOTO. C/V;1;1;;;;;;;;1;;;;;;;;;;;;;;
2020-03-11;07:07:00;SEM VÍTIMA;FINALIZADA;;AV GOVERNADOR AGAMENON MAGALHAES;;;SOB O VIADUTO DA AVENIDA JOÃO DE BARROS;AV GOVERNADOR AGAMENON MAGALHAES;;SOB O VIADUTO DA AVENIDA JOÃO DE BARROS;;;CIDADE;COLISÃO TRASEIRA;4 AUTOS S/VBATEDORES NO LOCAL;4;;;;;;;;;0;;Viaduto;Bom;;Perfeito estado;Seca;Perfeito estado;;;60 km/h;Dupla;Faixa seccionada;;
2020-03-11;07:52:00;SEM VÍTIMA;FINALIZADA;ÁGUA FRIA;RUA ALEGRE;;RUA ZEFERINO AGRA;AO LADO DA DELEGACIA DE AGUA FRIA;RUA ALEGRE;;AO LADO DA DELEGACIA DE AGUA FRIA;ÁGUA FRIA;431;SUBURBIO;ABALROAMENTO TRANSVERSAL;MOTO E AUTO;1;1;;;;;;;;0;;Cruzamento;Bom;Sem defeito;Incompleta;Seca;Perfeito estado;Faixa de pedestre;Placas Pare;50 km/h;Única;Faixa seccionada;;
2020-03-11;08:25:00;SEM VÍTIMA;FINALIZADA;SANTO AMARO;AV CRUZ CABUGA;1563;;HOSPITAL SANTO AMARO ( SANTA CASA);AV CRUZ CABUGA;1563;HOSPITAL SANTO AMARO ( SANTA CASA);SANTO AMARO;;CIDADE;ABALROAMENTO LONGITUDINAL;SEM VÍTIMAS;1;;;;;1;;;;0;;Longo da via;Bom;Sem defeito;Perfeito estado;Seca;Perfeito estado;Não existe;;60 km/h;Dupla;Faixa contínua;;
2020-03-11;08:33:00;SEM VÍTIMA;FINALIZADA;BOA VIAGEM;AVENIDA CELSO FURTADO (VIA MANGUE);218;;;AVENIDA CELSO FURTADO (VIA MANGUE);218;;BOA VIAGEM;;CIDADE;COLISÃO TRASEIRA;DOIS AUTOS E MOTOBATEDOR NO LOCAL. (MOTOQUEIRO SOFREU ESCORIAÇÕES, POREM NÃO QUIS ATENDIMENTO DO SAMU);2;1;;;;;;;;0;;Longo da via;Bom;Não existe;Perfeito estado;Seca;Perfeito estado;Outros;Outras;;Única;Faixa seccionada;;
2020-03-11;09:21:00;SEM VÍTIMA;FINALIZADA;BOA VIAGEM;AV CONSELHEIRO AGUIAR;4214;;EM FRENTE AO RESTAURANTE GALETUS;AV CONSELHEIRO AGUIAR;4214;EM FRENTE AO RESTAURANTE GALETUS;BOA VIAGEM;;CIDADE;ABALROAMENTO LONGITUDINAL;SEM VÍTIMAS;1;;;;;1;;;;0;;Longo da via;Chuvoso;Não existe;Perfeito estado;Molhada;Perfeito estado;Não existe;R-6a;60 km/h;Única;Faixa seccionada;;
2020-03-11;09:39:00;SEM VÍTIMA;FINALIZADA;BOA VIAGEM;AV CONSELHEIRO AGUIAR;3321;;EDF. NOSSA SENHORA DA PAZ;AV CONSELHEIRO AGUIAR;3321;EDF. NOSSA SENHORA DA PAZ;BOA VIAGEM;;CIDADE;ABALROAMENTO LONGITUDINAL;COLISAO SEM VÍTIMAS;2;;;;;;;;;0;;Longo da via;Bom;Não existe;Perfeito estado;Seca;Perfeito estado;;Não há placas;40 km/h;Única;Faixa contínua;;
2020-03-11;09:51:00;SEM VÍTIMA;FINALIZADA;ARRUDA;EST VELHA DE AGUA FRIA;908;;DNOCS;EST VELHA DE AGUA FRIA;908;DNOCS;ARRUDA;306;SUBURBIO;COLISÃO TRASEIRA;COLISÃOSEMVÍTIMAS;2;;;;;;;;;0;;Longo da via;Chuvoso;Sem defeito;Incompleta;Molhada;Perfeito estado;Faixa de pedestre;Não há placas;;Única;Faixa contínua;;
2020-03-11;09:55:00;SEM VÍTIMA;FINALIZADA;BOA VISTA;AV JOAO DE BARROS;;RUA CONDE D'EU;CLUBE OFICIAIS DA PM/CB PE;AV JOAO DE BARROS;;CLUBE OFICIAIS DA PM/CB PE;BOA VISTA;;CIDADE;ABALROAMENTO LONGITUDINAL;COLISÃOSEM VÍTIMAS;2;;;;;;;;;0;;Cruzamento;Bom;Não existe;Perfeito estado;Seca;Perfeito estado;Faixa de pedestre;Placas Pare;;Única;Faixa seccionada;;
2020-03-11;10:00:00;COM VÍTIMA;FINALIZADA;TORRE;RUA CONS THEODORO;25;RUA DIOGO ALVARES;EM FRENTE A PRAÇA DA TORRE;RUA CONS THEODORO;25;EM FRENTE A PRAÇA DA TORRE;TORRE;;;ABALROAMENTO TRANSVERSAL;AUTO E MOTO C/V;1;1;;;;;;;;1;;Esquina;Chuvoso;Não existe;Incompleta;Molhada;Perfeito estado;Não existe;Placas Pare;;Dupla;Não existe;;
2020-03-11;10:33:00;SEM VÍTIMA;FINALIZADA;BOA VISTA;RUA PADRE INGLES;;;EM FRENTE A UNIBRA;RUA PADRE INGLES;;EM FRENTE A UNIBRA;BOA VISTA;;;COLISÃO;DOIS AUTOS;2;;;;;;;;;0;;;;;;;;;;;;;;
2020-03-11;10:39:00;SEM VÍTIMA;FINALIZADA;SANTO AMARO;RUA ASTRONAUTA COLLINS;50;;AO LADO DA EMPRESA AÇO CARBONO;RUA ASTRONAUTA COLLINS;50;AO LADO DA EMPRESA AÇO CARBONO;SANTO AMARO;;SUBURBIO;CHOQUE;COLISÃOSEMVÍTIMAS;1;;;;;;;;;0;;Longo da via;Chuvoso;Não existe;Não existente;Molhada;Mal conservada;Não existe;Não há placas;;Dupla;Não existe;;
2020-03-11;10:52:00;SEM VÍTIMA;FINALIZADA;BOA VIAGEM;RUA PINTOR LULA CARDOSO AYRES;;RUA DR SEABRA;LADO OPOSTO AO AEROJATO;RUA PINTOR LULA CARDOSO AYRES;;LADO OPOSTO AO AEROJATO;BOA VIAGEM;;CIDADE;ABALROAMENTO LONGITUDINAL;COLISÃO SEMVÍTIMAS;2;;;;;;;;;0;;Longo da via;Bom;Não existe;Perfeito estado;Seca;Perfeito estado;Agente;Não há placas;30 km/h;Dupla;Não existe;;
2020-03-11;10:55:00;COM VÍTIMA;FINALIZADA;BONGI;RUA SANTA EDWIRGES;;RUA PADRE TEOFILO TWORZ;EM FRENTE A FACULDADE NOVA ROMA SENT. CIDADE;RUA SANTA EDWIRGES;;EM FRENTE A FACULDADE NOVA ROMA SENT. CIDADE;BONGI;;CIDADE;ABALROAMENTO TRANSVERSAL;ONIBUS E MOTO C/V;;1;;;;1;;;;1;;Cruzamento;Bom;Não existe;Perfeito estado;Seca;Perfeito estado;Faixa de pedestre;Placas Pare;;Única;Não existe;;
2020-03-11;11:26:00;COM VÍTIMA;FINALIZADA;CASA AMARELA;EST DO ARRAIAL;3407;RUA BENTO LOYOLA;PROX AO SITIO DA TRINDADE;EST DO ARRAIAL;3407;PROX AO SITIO DA TRINDADE;CASA AMARELA;;SUBURBIO;ABALROAMENTO TRANSVERSAL;MOTO E CAMINHAO;;1;;;;;1;;;1;;Esquina;Bom;Não existe;Ilegível;Seca;Perfeito estado;Faixa de retenção;Placas Pare;;Única;Faixa seccionada;;
2020-03-11;11:35:00;COM VÍTIMA;FINALIZADA;IMBIRIBEIRA;AV MARECHAL MASCARENHAS DE MORAES;4900;;EM FRENTEAPARVILOCADORA;AV MARECHAL MASCARENHAS DE MORAES;4900;EM FRENTEAPARVILOCADORA;IMBIRIBEIRA;531;SUBURBIO;COLISÃO TRASEIRA;COLISÃOCOMVÍTIMAAESPERADOSAMU;1;1;;;;;;;;1;;Longo da via;Bom;Sem defeito;Perfeito estado;Seca;Perfeito estado;Faixa de pedestre;;60 km/h;Dupla;Faixa contínua;Faixa seccionada;Canteiro central
2020-03-11;12:05:00;SEM VÍTIMA;FINALIZADA;BOA VIAGEM;AV ENGENHEIRO DOMINGOS FERREIRA;;RUA PROFESSOR EDUARDO WANDERLEY FILHO;;AV ENGENHEIRO DOMINGOS FERREIRA;;;BOA VIAGEM;;SUBURBIO;ABALROAMENTO LONGITUDINAL;COLISAO SEM VÍTIMAS;2;;;;;;;;;0;;Longo da via;Bom;Não existe;Perfeito estado;Seca;Perfeito estado;Não existe;Não há placas;60 km/h;Única;Faixa seccionada;;
2020-03-11;12:07:00;SEM VÍTIMA;FINALIZADA;BOA VISTA;AV JOAO DE BARROS;587;RUA DR LEOPOLDO LINS;;AV JOAO DE BARROS;587;;BOA VISTA;198;CIDADE;ABALROAMENTO LONGITUDINAL;COLISÃO SEM VÍTIMA;1;;;;;1;;;;0;;Longo da via;Bom;Sem defeito;Perfeito estado;Seca;Perfeito estado;Faixa de pedestre;Não há placas;;Única;Faixa seccionada;;
2020-03-11;12:24:00;COM VÍTIMA;FINALIZADA;TORRÕES;AV ENGENHEIRO ABDIAS DE CARVALHO;;;E/F AO POSTO BR S/T CURADO;AV ENGENHEIRO ABDIAS DE CARVALHO;;E/F AO POSTO BR S/T CURADO;TORRÕES;;SUBURBIO;ABALROAMENTO LONGITUDINAL;COLISAO ENTRE DUAS MOTO COM UMA VÍTIMA;;2;;;;;;;;1;;Longo da via;Bom;Sem defeito;Perfeito estado;Seca;Perfeito estado;Não existe;Não há placas;60 km/h;Dupla;Canteiro central;;
2020-03-11;12:51:00;SEM VÍTIMA;FINALIZADA;BOA VIAGEM;AV ENGENHEIRO DOMINGOS FERREIRA;;RUA SENADOR HELIO COUTINHO;;AV ENGENHEIRO DOMINGOS FERREIRA;;;BOA VIAGEM;;SUBURBIO;ABALROAMENTO TRANSVERSAL;COLISAO SEM VÍTIMAS;2;;;;;;;;;0;;;Bom;Não existe;Perfeito estado;Seca;Perfeito estado;Não existe;R-6a;;Única;Faixa seccionada;;
2020-03-11;15:44:00;SEM VÍTIMA;FINALIZADA;SÃO JOSÉ;RUA IMPERIAL;;;LADO OPOSTO AO POSTE B 001429;RUA IMPERIAL;;LADO OPOSTO AO POSTE B 001429;SÃO JOSÉ;;CIDADE;COLISÃO TRASEIRA;COLISÃO SEM VÍTIMA;2;;;;;;;;;0;;Longo da via;Bom;Não existe;Não existente;Seca;Perfeito estado;Não existe;Outras;;Dupla;Faixa contínua;Faixa seccionada;
2020-03-11;15:57:00;SEM VÍTIMA;FINALIZADA;DERBY;RUA BENFICA;;;CRUZAMENTO COM A RUA ARLINDO GOUVEIA;RUA BENFICA;;CRUZAMENTO COM A RUA ARLINDO GOUVEIA;DERBY;629;SUBURBIO;ABALROAMENTO TRANSVERSAL;COLISAO SEM VÍTIMAS;2;;;;;;;;;0;;Cruzamento;Bom;Sem defeito;Perfeito estado;Seca;Perfeito estado;Agente;Outras;40 km/h;Única;Faixa seccionada;;
2020-03-11;16:05:00;SEM VÍTIMA;FINALIZADA;AFOGADOS;RUA NICOLAU PEREIRA;;;RUA NICOLAU PEREIRA SOBSEMÁFORO Nº 073;RUA NICOLAU PEREIRA;;RUA NICOLAU PEREIRA SOBSEMÁFORO Nº 073;AFOGADOS;73;SUBURBIO;ABALROAMENTO LONGITUDINAL;COLISAO ENTRE DOIS AUTOS S/V;2;;;;;;;;;0;;Longo da via;Bom;Sem defeito;Perfeito estado;Seca;Perfeito estado;Faixa de pedestre;Não há placas;;Única;Faixa contínua;;
2020-03-11;17:39:00;SEM VÍTIMA;CANCELADA;TEJIPIÓ;AV DR JOSE RUFINO;299;;E/F AO CARTORIO DE TEJIPIOPROX AO SEMAFORO 411;AV DR JOSE RUFINO;299;E/F AO CARTORIO DE TEJIPIOPROX AO SEMAFORO 411;TEJIPIÓ;;;COLISÃO;COLISAO ENTRE AUTO E MOTO S/V;1;1;;;;;;;;0;;;;;;;;;;;;;;
2020-03-11;17:50:00;SEM VÍTIMA;FINALIZADA;CIDADE UNIVERSITÁRIA;AV VISCONDE DE SAO LEOPOLDO;447;;PROXIMO A POSTO DE SAUDE DE ENGENHO DO MEIO;AV VISCONDE DE SAO LEOPOLDO;447;PROXIMO A POSTO DE SAUDE DE ENGENHO DO MEIO;CIDADE UNIVERSITÁRIA;;;COLISÃO;COLISÃO SEM VÍTIMA;2;;;;;;;;;0;;;;;;;;;;;;;;
2020-03-11;18:53:00;SEM VÍTIMA;FINALIZADA;IMBIRIBEIRA;AV MARECHAL MASCARENHAS DE MORAES;;;EM FRENTE AO BANCO ITAU;AV MARECHAL MASCARENHAS DE MORAES;;EM FRENTE AO BANCO ITAU;IMBIRIBEIRA;225;SUBURBIO;ABALROAMENTO LONGITUDINAL;DOIS AUTOS;2;;;;;;;;;0;;Longo da via;Bom;Sem defeito;Perfeito estado;Seca;Perfeito estado;Faixa de pedestre;Outras;60 km/h;Dupla;Canteiro central;;
2020-03-11;20:50:00;SEM VÍTIMA;FINALIZADA;BOA VIAGEM;AV CONSELHEIRO AGUIAR;;;SOB O SEMÁFORO 241;AV CONSELHEIRO AGUIAR;;SOB O SEMÁFORO 241;BOA VIAGEM;241;CIDADE;ABALROAMENTO TRANSVERSAL;ÕNIBUS X AUTO PASSEIO. S/V;1;;;;;1;;;;0;;Longo da via;Chuvoso;Sem defeito;Perfeito estado;Molhada;Perfeito estado;Não existe;Não há placas;;Única;Faixa seccionada;;
2020-03-11;22:28:00;COM VÍTIMA;FINALIZADA;CORDEIRO;AV ENGENHEIRO ABDIAS DE CARVALHO;;;LADO OPOSTO DO ESPETINHO LEGAL PRIME , SNT CID /SEMÁFORO 422;AV ENGENHEIRO ABDIAS DE CARVALHO;;LADO OPOSTO DO ESPETINHO LEGAL PRIME , SNT CID /SEMÁFORO 422;CORDEIRO;422;CIDADE;COLISÃO COM CICLISTA;ENTRE MOTO DO BPTRAN E CICLISTA. C/V];;1;;1;;;;;;1;;Longo da via;Bom;Sem defeito;Perfeito estado;Seca;Perfeito estado;Faixa de pedestre;Outras;;Dupla;Faixa seccionada;;
2020-03-11;23:38:00;COM VÍTIMA;FINALIZADA;JOANA BEZERRA;RUA IMPERIAL;;RUA LOURENCO DA SILVA;APÓSO HOTEL CRISTAL;RUA IMPERIAL;;APÓSO HOTEL CRISTAL;JOANA BEZERRA;;SUBURBIO;ABALROAMENTO TRANSVERSAL;ENTRE ÔNIBUS E MOTO. C/V;;1;;;;1;;;;1;;Cruzamento;Bom;Não existe;Perfeito estado;Seca;Perfeito estado;Não existe;Não há placas;;Única;Faixa seccionada;;
2020-03-12;01:01:00;SEM VÍTIMA;FINALIZADA;CAXANGÁ;AV JOAQUIM RIBEIRO;;RUA GASTAO VIDIGAL;;AV JOAQUIM RIBEIRO;;;CAXANGÁ;281;SUBURBIO;ABALROAMENTO LONGITUDINAL;COLISÃO ENTRE DOIS AUTOS S/V;2;;;;;;;;;0;;Cruzamento;Bom;Sem defeito;Perfeito estado;Seca;Perfeito estado;Faixa de pedestre;Outras;;Dupla;Canteiro central;;
2020-03-12;06:24:00;SEM VÍTIMA;FINALIZADA;ROSARINHO;AV PROFESSOR JOSE DOS ANJOS;;;LADO OPOSTO À VIASUL FIAT - ARRUDA;AV PROFESSOR JOSE DOS ANJOS;;LADO OPOSTO À VIASUL FIAT - ARRUDA;ROSARINHO;;CIDADE;COLISÃO TRASEIRA;COLISÃO S/VÍTIMAS ENTRE DOIS AUTOS;2;;;;;;;;;0;;Longo da via;Bom;Não existe;Incompleta;Seca;Perfeito estado;Não existe;Não há placas;;Dupla;Canal;;
2020-03-12;07:14:00;SEM VÍTIMA;FINALIZADA;ESPINHEIRO;RUA CONS PORTELA;;;CRUZAMENTO ENTRE A RUA CONSELHEIRO PORTELA E A RUA QUARENTA E OITO;RUA CONS PORTELA;;CRUZAMENTO ENTRE A RUA CONSELHEIRO PORTELA E A RUA QUARENTA E OITO;ESPINHEIRO;11;CIDADE;ABALROAMENTO LONGITUDINAL;COLISÃO S/VÍTIMAS ENTRE DOIS AUTOS;2;;;;;;;;;0;;Cruzamento;Bom;Sem defeito;Perfeito estado;Seca;Perfeito estado;Agente;Outras;40 km/h;Única;Não existe;;
2020-03-12;07:24:00;SEM VÍTIMA;CANCELADA;TEJIPIÓ;AV DR JOSE RUFINO;3905 A;;EM FRENTE A ESTACAOTEJIPIÓ;AV DR JOSE RUFINO;3905 A;EM FRENTE A ESTACAOTEJIPIÓ;TEJIPIÓ;;;COLISÃO;CAMINHAO E AUTO PASSEIO;1;;;;;;1;;;0;;;;;;;;;;;;;;
2020-03-12;07:30:00;COM VÍTIMA;CANCELADA;CASA AMARELA;EST DO ARRAIAL;;;EM FRENTE AO SITIO DA TRINDADE;EST DO ARRAIAL;;EM FRENTE AO SITIO DA TRINDADE;CASA AMARELA;;;COLISÃO;MOTO E AUTO;1;1;;;;;;;;1;;;;;;;;;;;;;;
2020-03-12;08:47:00;SEM VÍTIMA;FINALIZADA;ENCRUZILHADA;AV JOAO DE BARROS;1912;;EM FRENTE AOS CORREIOS;AV JOAO DE BARROS;1912;EM FRENTE AOS CORREIOS;ENCRUZILHADA;;CIDADE;ABALROAMENTO LONGITUDINAL;SEM VÍTIMAS;1;;;;;;1;;;0;;Longo da via;Bom;Sem defeito;Perfeito estado;Seca;Perfeito estado;Não existe;Não há placas;;Única;Faixa seccionada;;
2020-03-12;08:56:00;SEM VÍTIMA;FINALIZADA;ESPINHEIRO;AV GOVERNADOR AGAMENON MAGALHAES;;RUA SAO SALVADOR;;AV GOVERNADOR AGAMENON MAGALHAES;;;ESPINHEIRO;;;ABALROAMENTO LONGITUDINAL;ONIBUS E AUTO;1;;;;;1;;;;0;;Cruzamento;Bom;Sem defeito;Perfeito estado;Seca;Perfeito estado;Faixa de pedestre;;;Dupla;Faixa contínua;Faixa seccionada;
2020-03-12;09:01:00;SEM VÍTIMA;FINALIZADA;SANTO AMARO;AV CRUZ CABUGA;;;SEMÁFORO 523;AV CRUZ CABUGA;;SEMÁFORO 523;SANTO AMARO;523;CIDADE;COLISÃO TRASEIRA;COLISÃO SEM VÍTIMAS ENTRE AUTO E MOTO.;1;1;;;;;;;;0;;Longo da via;Bom;Sem defeito;Perfeito estado;Seca;Perfeito estado;;;;Dupla;Faixa contínua;;
2020-03-12;09:39:00;SEM VÍTIMA;FINALIZADA;BARRO;RUA PADRE DIOGO RODRIGUES;870;;CEMITÉRIO DO BARRO;RUA PADRE DIOGO RODRIGUES;870;CEMITÉRIO DO BARRO;BARRO;;SUBURBIO;ABALROAMENTO LONGITUDINAL;COLISÃO S/VÍTIMAS ENTRE UM AUTO E CAMINHÃO;1;;;;;;1;;;0;;Cruzamento;Bom;Não existe;Perfeito estado;Seca;Perfeito estado;Não existe;Outras;;Dupla;Não existe;;