data;hora;natureza_acidente;situacao;bairro;endereco;numero;detalhe_endereco_acidente;complemento;endereco_cruzamento;numero_cruzamento;referencia_cruzamento;bairro_cruzamento;num_semaforo;sentido_via;tipo;descricao;auto;moto;ciclom;ciclista;pedestre;onibus;caminhao;viatura;outros;vitimas;vitimasfatais;acidente_verificado;tempo_clima;situacao_semaforo;sinalizacao;condicao_via;conservacao_via;ponto_controle;situacao_placa;velocidade_max_via;mao_direcao;divisao_via1;divisao_via2;divisao_via3
2020-03-13;19:40:00;SEM VÍTIMA;FINALIZADA;VÁRZEA;PTE MARECHAL HUMBERTO CASTELO BRANCO;;;UPINHA DA CAXANGÁ;PTE MARECHAL HUMBERTO CASTELO BRANCO;;UPINHA DA CAXANGÁ;VÁRZEA;;CIDADE;COLISÃO TRASEIRA;;2;;;;;;;;;0;;Ponte;Bom;Não existe;Perfeito estado;Seca;Perfeito estado;Não existe;Não há placas;;Dupla;Faixa contínua;Faixa seccionada;
2020-03-13;21:05:00;COM VÍTIMA;FINALIZADA;BOA VIAGEM;1BE DONA BENVINDA DE FARIAS;435;;E/F AO RESTAURATE UDON;1BE DONA BENVINDA DE FARIAS;435;E/F AO RESTAURATE UDON;BOA VIAGEM;;SUBURBIO;ABALROAMENTO TRANSVERSAL;COLISAO COM VÍTIMAS;2;;;;;;;;;1;;Longo da via;Bom;Não existe;Perfeito estado;Seca;Perfeito estado;Não existe;Não há placas;;Única;Não existe;;
2020-03-13;22:04:00;SEM VÍTIMA;FINALIZADA;ÁGUA FRIA;EST VELHA DE AGUA FRIA;;;POSTO DE COMBUSTÍVELNORTE GAS;EST VELHA DE AGUA FRIA;;POSTO DE COMBUSTÍVELNORTE GAS;ÁGUA FRIA;;SUBURBIO;ABALROAMENTO TRANSVERSAL;COLISAO S/ VÍTIMAS;;1;;;;1;;;;0;;;Bom;Não existe;Perfeito estado;Seca;Perfeito estado;Outros;Outras;;Dupla;Faixa seccionada;Canteiro central;
2020-03-13;22:15:00;SEM VÍTIMA;FINALIZADA;ESPINHEIRO;RUA DA HORA;330;;CAFE SEU PORQUIN;RUA DA HORA;330;CAFE SEU PORQUIN;ESPINHEIRO;;SUBURBIO;CHOQUE OBJETO FIXO;AUTO COLIDIU COM POSTE;1;;;;;;;;;0;;Longo da via;Bom;Não existe;Incompleta;Seca;Perfeito estado;Não existe;R-6a;;Única;Não existe;;
2020-03-14;02:35:00;SEM VÍTIMA;FINALIZADA;SANTO AMARO;AV GOVERNADOR AGAMENON MAGALHAES;;AV DR JAYME DA FONTE;PRÓXIMO AO CAMPO DO 11;AV GOVERNADOR AGAMENON MAGALHAES;;PRÓXIMO AO CAMPO DO 11;SANTO AMARO;49;SUBURBIO;ABALROAMENTO TRANSVERSAL;COLISÃO ENTRE DOIS AUTOS, S/V;2;;;;;;;;;0;;Cruzamento;Chuvoso;Sem defeito;Perfeito estado;Molhada;Perfeito estado;Faixa de pedestre;Outras;;Dupla;Faixa seccionada;Canteiro central;
2020-03-14;06:42:00;SEM VÍTIMA;CANCELADA;TORRE;RUA MARCOS ANDRE;280;;CARREFUOR DA TORRE;RUA MARCOS ANDRE;280;CARREFUOR DA TORRE;TORRE;;;CHOQUE OBJETO FIXO;VEICULO SE CHOCOU CONTA O MURO DO PREDIO;1;;;;;;;;;0;;;;;;;;;;;;;;
2020-03-14;08:35:00;COM VÍTIMA;FINALIZADA;TAMARINEIRA;EST VELHA DE AGUA FRIA;571;AV NORTE;E/F ATALANTA COLCHÕES ORTOBOM;EST VELHA DE AGUA FRIA;571;E/F ATALANTA COLCHÕES ORTOBOM;TAMARINEIRA;;SUBURBIO;CHOQUE OBJETO FIXO;CHOQUE COM PRISMAS DE CONCRETO;1;;;;;;;;;1;;Longo da via;Bom;Não existe;Perfeito estado;Seca;Perfeito estado;Não existe;R-6a;;Dupla;Faixa seccionada;;
2020-03-14;09:49:00;SEM VÍTIMA;FINALIZADA;AFOGADOS;RUA NICOLAU PEREIRA;;RUA DO ACRE;MERCADO DE AFOGADOS;RUA NICOLAU PEREIRA;;MERCADO DE AFOGADOS;AFOGADOS;;;ABALROAMENTO TRANSVERSAL;DOIS AUTOS;2;;;;;;;;;0;;Longo da via;Bom;;Perfeito estado;Seca;Perfeito estado;;;;Única;;;
2020-03-14;10:27:00;SEM VÍTIMA;FINALIZADA;SANTO AMARO;AV GOVERNADOR AGAMENON MAGALHAES;;;OPOSTO A UPE;AV GOVERNADOR AGAMENON MAGALHAES;;OPOSTO A UPE;SANTO AMARO;108;CIDADE;ABALROAMENTO LONGITUDINAL;COLISÃOSEMVÍTIMAS;1;;;;;;1;;;0;;Longo da via;Bom;Sem defeito;Perfeito estado;Seca;Perfeito estado;Não existe;R-19;60 km/h;Única;Faixa seccionada;;
2020-03-14;11:19:00;SEM VÍTIMA;FINALIZADA;IMBIRIBEIRA;RUA JOAQUIM BANDEIRA;;AV SUL;SOB O PONTILHÃO DO METRO RECIFE;RUA JOAQUIM BANDEIRA;;SOB O PONTILHÃO DO METRO RECIFE;IMBIRIBEIRA;;CIDADE;ABALROAMENTO LONGITUDINAL;COLISÃOSEMVÍTIMAS;2;;;;;;;;;0;;Cruzamento;Bom;Não existe;Perfeito estado;Seca;Perfeito estado;Não existe;Placas Pare;;Única;Faixa seccionada;;
2020-03-14;11:57:00;SEM VÍTIMA;FINALIZADA;BOA VIAGEM;RUA VISCONDE DE JEQUITINHONHA;;RUA BARAO DE SOUZA LEAO;;RUA VISCONDE DE JEQUITINHONHA;;;BOA VIAGEM;129;;ABALROAMENTO LONGITUDINAL;COLISÃO ENTRE DOIS AUTOS;1;;;;;1;;;;0;;Cruzamento;Bom;Sem defeito;Perfeito estado;Seca;Perfeito estado;Faixa de pedestre;R-6a;;Única;Faixa seccionada;;
2020-03-14;13:26:00;SEM VÍTIMA;FINALIZADA;AFLITOS;AV SANTOS DUMONT;420;;ESQUINA COM A EXTRA FARMA;AV SANTOS DUMONT;420;ESQUINA COM A EXTRA FARMA;AFLITOS;;SUBURBIO;ABALROAMENTO LONGITUDINAL;COLISAO ENTRE DOIS AUTOS S/V;2;;;;;;;;;0;;Longo da via;Bom;Não existe;Perfeito estado;Seca;Perfeito estado;Não existe;Não há placas;40 km/h;Única;Faixa seccionada;;
2020-03-14;14:11:00;SEM VÍTIMA;FINALIZADA;CORDEIRO;AV CAXANGA;1118;;DELICIA DA PRAZERES;AV CAXANGA;1118;DELICIA DA PRAZERES;CORDEIRO;;;COLISÃO TRASEIRA;COLISAO ENTRE DOIS AUTO E MOTO ;2;;;;;;;;;0;;Longo da via;Bom;;Perfeito estado;Seca;Perfeito estado;;;;Dupla;Faixa seccionada;Canteiro central;
2020-03-14;14:38:00;SEM VÍTIMA;FINALIZADA;IPSEP;RUA SATURNINO MEIRELES;;AV RAIMUNDO DINIZ;PRÓXIMO A DELEGACIA DO IPSEP;RUA SATURNINO MEIRELES;;PRÓXIMO A DELEGACIA DO IPSEP;IPSEP;;SUBURBIO;ABALROAMENTO TRANSVERSAL;COLISÃO SEM VÍTIMA;2;;;;;;;;;0;;Cruzamento;Bom;Não existe;Perfeito estado;Seca;Perfeito estado;;Placas Pare;;;;;
2020-03-14;15:54:00;SEM VÍTIMA;FINALIZADA;AFOGADOS;RUA SAO MIGUEL;1336;RUA LUIZ PEREIRA DE FARIAS;DROGARIA BONGI;RUA SAO MIGUEL;1336;DROGARIA BONGI;AFOGADOS;;SUBURBIO;ABALROAMENTO TRANSVERSAL;COLISÃO SEM VÍTIMA;2;;;;;;;;;0;;;Bom;Não existe;Não existente;Seca;Perfeito estado;Não existe;Não há placas;;;;;
2020-03-14;16:05:00;SEM VÍTIMA;CANCELADA;IBURA;RUA TERRA BRANCA;;;NO TERMINAL DE TRES CARNEIRO BAIXO;RUA TERRA BRANCA;;NO TERMINAL DE TRES CARNEIRO BAIXO;IBURA;;;COLISÃO;COLISAO ENTRE AUTO E ONIBUS S/V;1;;;;;1;;;;0;;;;;;;;;;;;;;
2020-03-14;17:52:00;COM VÍTIMA;CANCELADA;IPUTINGA;AV CAXANGA;;;PROX AO ANTIGO PERNAMBUCO DA SORTE;AV CAXANGA;;PROX AO ANTIGO PERNAMBUCO DA SORTE;IPUTINGA;;;COLISÃO;COLISAO COM VÍTIMAS;1;1;;;;;;;;1;;;;;;;;;;;;;;
2020-03-14;18:20:00;SEM VÍTIMA;FINALIZADA;BOA VISTA;;;AV CONDE DA BOA VISTA;SOB O SEMÁFORO 299;;;SOB O SEMÁFORO 299;BOA VISTA;299;SUBURBIO;ABALROAMENTO LONGITUDINAL;GOL X CAMINHAO;1;;;;;;1;;;0;;Cruzamento;Bom;Sem defeito;Perfeito estado;Seca;Perfeito estado;Outros;R-6a;;Única;Não existe;;
2020-03-14;18:41:00;SEM VÍTIMA;CANCELADA;IPSEP;RUA JEAN EMILE FAVRE;;;PROX A ESCOLA ELEANOR ROOSEVELT;RUA JEAN EMILE FAVRE;;PROX A ESCOLA ELEANOR ROOSEVELT;IPSEP;;;COLISÃO;COLISAO SEM VÍTIMAS;1;;;;;1;;;;0;;;;;;;;;;;;;;
2020-03-14;21:05:00;SEM VÍTIMA;FINALIZADA;CASA FORTE;AV DEZESSETE DE AGOSTO;1725;;BAR REAL;AV DEZESSETE DE AGOSTO;1725;BAR REAL;CASA FORTE;;CIDADE;ABALROAMENTO LONGITUDINAL;ONIBUS X POLO;1;;;;;1;;;;0;;;Bom;Não existe;Perfeito estado;Seca;Perfeito estado;Não existe;Não há placas;;Dupla;Faixa contínua;;
2020-03-14;21:53:00;SEM VÍTIMA;FINALIZADA;VASCO DA GAMA;RUA LUIZ CESARIO DE MELO;55;;;RUA LUIZ CESARIO DE MELO;55;;VASCO DA GAMA;;SUBURBIO;CHOQUE VEÍCULO PARADO;SPIN X SIENA;2;;;;;;;;;0;;Longo da via;Bom;Não existe;Ilegível;Seca;Mal iluminada;Não existe;Não há placas;;Dupla;Não existe;;
2020-03-15;00:24:00;SEM VÍTIMA;CANCELADA;IPUTINGA;EST DO BARBALHO;;;EM FRENTE A SEDE DO DETRAN, PROX DO OXENTE COMIDA NORDESTINA;EST DO BARBALHO;;EM FRENTE A SEDE DO DETRAN, PROX DO OXENTE COMIDA NORDESTINA;IPUTINGA;;;COLISÃO;COLISÃO ENTRE AUTO E MOTO S/V;1;1;;;;;;;;0;;;;;;;;;;;;;;
2020-03-15;11:25:00;SEM VÍTIMA;FINALIZADA;BOA VIAGEM;AV BOA VIAGEM;2682;RUA PROFESSOR JOSE BRANDAO;;AV BOA VIAGEM;2682;;BOA VIAGEM;;SUBURBIO;CHOQUE VEÍCULO PARADO;TRES AUTOS;3;;;;;;;;;0;;;Chuvoso;Não existe;Perfeito estado;Molhada;Perfeito estado;Faixa de pedestre;R-6a;;Única;Faixa seccionada;;
2020-03-15;11:57:00;SEM VÍTIMA;FINALIZADA;BOA VIAGEM;RUA DEZ DE JULHO;210;RUA CAMBOIM;;RUA DEZ DE JULHO;210;;BOA VIAGEM;;SUBURBIO;ABALROAMENTO TRANSVERSAL;COLISAO S/ VÍTIMA ENTRE DOIS VEICULOS;2;;;;;;;;;0;;Cruzamento;Chuvoso;Não existe;Perfeito estado;Seca;Perfeito estado;Não existe;Placas Pare;;Única;Faixa seccionada;;
2020-03-15;12:24:00;SEM VÍTIMA;FINALIZADA;MADALENA;AV VISCONDE DE ALBUQUERQUE;460;;LIDER;AV VISCONDE DE ALBUQUERQUE;460;LIDER;MADALENA;;SUBURBIO;ABALROAMENTO TRANSVERSAL;COLISAO S/ VÍTIMA ENTRE VEICULOS;2;;;;;;;;;0;;Longo da via;Bom;Sem defeito;Perfeito estado;Seca;Perfeito estado;Outros;Outras;60 km/h;Única;Faixa seccionada;;
2020-03-15;13:16:00;COM VÍTIMA;FINALIZADA;IPUTINGA;AV MAURICIO DE NASSAU;501;;EM FRENTE AO PARQUE CAIARA;AV MAURICIO DE NASSAU;501;EM FRENTE AO PARQUE CAIARA;IPUTINGA;;CIDADE;ABALROAMENTO TRANSVERSAL;COLISAO COM VÍTIMA ENTRE VEICULO E MOTO;1;1;;;;;;;;1;;Longo da via;Bom;Sem defeito;Perfeito estado;Seca;Perfeito estado;Faixa de pedestre;R-19;40 km/h;Dupla;Faixa contínua;;
2020-03-15;16:38:00;SEM VÍTIMA;FINALIZADA;;COR DO BARTOLOMEU;;AV NORTE;LADO OPOSTO A FARMÁCIA PAGUE MENOS;COR DO BARTOLOMEU;;LADO OPOSTO A FARMÁCIA PAGUE MENOS;;79;SUBURBIO;COLISÃO TRASEIRA;COLISAO S/ VÍTIMA ENTRE DOIS VEICULOS;2;;;;;;;;;0;;Cruzamento;Bom;Sem defeito;Perfeito estado;Seca;Perfeito estado;Faixa de pedestre;R-6a;;Dupla;Não existe;;
2020-03-15;17:20:00;SEM VÍTIMA;FINALIZADA;GRAÇAS;RUA AMELIA;327;;SOB O SEMÁFORO 177;RUA AMELIA;327;SOB O SEMÁFORO 177;GRAÇAS;177;CIDADE;ABALROAMENTO LONGITUDINAL;COLISAO S/ VÍTIMA// ENTRE DOIS VEICULOS;2;;;;;;;;;0;;Longo da via;Bom;Sem defeito;Perfeito estado;Seca;Perfeito estado;Faixa de pedestre;;;Única;Faixa seccionada;;
2020-03-15;19:02:00;SEM VÍTIMA;FINALIZADA;AREIAS;AV RECIFE;;;LADO OPOSTO AO GALETUS;AV RECIFE;;LADO OPOSTO AO GALETUS;AREIAS;;;COLISÃO TRASEIRA;SIENA X PALIO;2;;;;;;;;;0;;Longo da via;Bom;Sem defeito;Perfeito estado;Seca;Perfeito estado;;;;Dupla;;;
2020-03-15;19:41:00;SEM VÍTIMA;FINALIZADA;TORRÕES;AV ENGENHEIRO ABDIAS DE CARVALHO;;;RESTAURANTE KIYOI;AV ENGENHEIRO ABDIAS DE CARVALHO;;RESTAURANTE KIYOI;TORRÕES;375;SUBURBIO;COLISÃO TRASEIRA;ONIBUS E AUTO;1;;;;;1;;;;0;;Longo da via;Chuvoso;Sem defeito;Perfeito estado;Molhada;Perfeito estado;Faixa de pedestre;Não há placas;;Dupla;Faixa contínua;;
2020-03-15;23:31:00;COM VÍTIMA;FINALIZADA;BOA VIAGEM;RUA ERNESTO DE PAULA SANTOS;398;;ENF. A FARMACIA INDEPENDENTE E DROGASIL // SENTIDO ORLA;RUA ERNESTO DE PAULA SANTOS;398;ENF. A FARMACIA INDEPENDENTE E DROGASIL // SENTIDO ORLA;BOA VIAGEM;271;SUBURBIO;ABALROAMENTO TRANSVERSAL;HB 20 X MOTO;1;1;;;;;;;;2;;Longo da via;Chuvoso;;Perfeito estado;Molhada;Perfeito estado;Não existe;Não há placas;;Única;Faixa seccionada;;
2020-03-15;23:38:00;SEM VÍTIMA;CANCELADA;ÁGUA FRIA;RUA DO MACHADO;886;RUA MANOEL SILVA;PROX AO CLUBE IRRESPONSAVES;RUA DO MACHADO;886;PROX AO CLUBE IRRESPONSAVES;ÁGUA FRIA;;;COLISÃO;DOIS ONIX E UMA RESIDENCIAOBS: SUSPEITA DE EMBRIAGUEZ POLICIAS NO LOCAL;2;;;;;;;;;0;;;;;;;;;;;;;;
2020-03-16;00:09:00;SEM VÍTIMA;FINALIZADA;BOA VIAGEM;RUA RIBEIRO DE BRITO;1326;RUA AMALIA BERNARDINO DE SOUZA;;RUA RIBEIRO DE BRITO;1326;;BOA VIAGEM;;SUBURBIO;ABALROAMENTO TRANSVERSAL;COLISÃO ENTRE DOIS AUTOS S/V;2;;;;;;;;;0;;Cruzamento;Chuvoso;Não existe;Incompleta;Molhada;Perfeito estado;Não existe;R-6a;;Única;Faixa seccionada;;
2020-03-16;02:21:00;SEM VÍTIMA;FINALIZADA;BOA VIAGEM;RUA BRUNO VELOSO;3800;AV CONSELHEIRO AGUIAR;OPOSTO A DROGASIL;RUA BRUNO VELOSO;3800;OPOSTO A DROGASIL;BOA VIAGEM;146;CIDADE;ABALROAMENTO TRANSVERSAL;COLISÃO ENTRE DOIS AUTOS S/V;2;;;;;;;;;0;;Longo da via;Chuvoso;Sem defeito;Perfeito estado;Molhada;Perfeito estado;Faixa de retenção;Não há placas;;Única;Faixa seccionada;;
2020-03-16;06:21:00;SEM VÍTIMA;FINALIZADA;PRADO;AV ENGENHEIRO ABDIAS DE CARVALHO;;;EM FRENTE A FACULDADE ESTÁCIO;AV ENGENHEIRO ABDIAS DE CARVALHO;;EM FRENTE A FACULDADE ESTÁCIO;PRADO;327;CIDADE;COLISÃO TRASEIRA;COLISÃO S/VÍTIMAS ENTRE DOIS AUTOS;1;;;;;1;;;;0;;Longo da via;Chuvoso;Sem defeito;Perfeito estado;Seca;Perfeito estado;Faixa de pedestre;R-6a;;Dupla;Canteiro central;;
2020-03-16;07:08:00;SEM VÍTIMA;FINALIZADA;SÃO JOSÉ;AV SUL;1450;;EM FRENTE A GALVANIZAÇÃO SUL;AV SUL;1450;EM FRENTE A GALVANIZAÇÃO SUL;SÃO JOSÉ;260;;COLISÃO TRASEIRA;COLISÃO S/VÍTIMAS ENTRE DOIS AUTOS E UM ONIBUS;2;;;;;1;;;;0;;Longo da via;Chuvoso;Sem defeito;Perfeito estado;Molhada;Perfeito estado;Faixa de retenção;Outras;;Dupla;Canteiro central;;
2020-03-16;07:22:00;SEM VÍTIMA;CANCELADA;JARDIM SÃO PAULO;AV LIBERDADE;428;;E/F AO CENTRO DEPOSTIVO DE FISIOTERAPIA;AV LIBERDADE;428;E/F AO CENTRO DEPOSTIVO DE FISIOTERAPIA;JARDIM SÃO PAULO;;;COLISÃO;COLISÃO S/VÍTIMAS ENTRE DOIS AUTOS;2;;;;;;;;;0;;;;;;;;;;;;;;
2020-03-16;07:28:00;SEM VÍTIMA;FINALIZADA;ENCRUZILHADA;EST DE BELEM;;;EMFRENTEAFARMACIAPAGUEMENOS;EST DE BELEM;;EMFRENTEAFARMACIAPAGUEMENOS;ENCRUZILHADA;;;COLISÃO;COLISÃO SEMVÍTIMAS;1;;;;;1;;;;0;;;;;;;;;;;;;;
2020-03-16;07:43:00;SEM VÍTIMA;FINALIZADA;DERBY;RUA JENER DE SOUZA;;PRC DO DERBY;EM FRENTE AO QUARTEL DO DERBY;RUA JENER DE SOUZA;;EM FRENTE AO QUARTEL DO DERBY;DERBY;40;SUBURBIO;COLISÃO FRONTAL;AMBULANCIA E AUTO ;2;;;;;;;;;0;;Cruzamento;Chuvoso;Sem defeito;Perfeito estado;Molhada;Perfeito estado;Faixa de pedestre;;;Dupla;Não existe;;
2020-03-16;08:01:00;COM VÍTIMA;FINALIZADA;ROSARINHO;AV SANTOS DUMONT;1011;;EMFRENTEA FARMACIABONGI;AV SANTOS DUMONT;1011;EMFRENTEA FARMACIABONGI;ROSARINHO;;;ABALROAMENTO TRANSVERSAL;COLISÃOCOMVÍTIMA;1;1;;;;;;;;1;;Esquina;Chuvoso;Não existe;Perfeito estado;Seca;Perfeito estado;Não existe;Outras;;Única;Faixa seccionada;;
2020-03-16;08:08:00;COM VÍTIMA;FINALIZADA;DERBY;AV GOVERNADOR AGAMENON MAGALHAES;;;LADO OPOSTO AO HOSPITAL DA RESTAURAÇÃO;AV GOVERNADOR AGAMENON MAGALHAES;;LADO OPOSTO AO HOSPITAL DA RESTAURAÇÃO;DERBY;;OLINDA;ATROPELAMENTO;;;1;;;1;;;;;1;;Longo da via;Chuvoso;Sem defeito;Perfeito estado;Molhada;Perfeito estado;Agente;Outras;60 km/h;Dupla;Canteiro central;;
2020-03-16;08:41:00;SEM VÍTIMA;FINALIZADA;ESPINHEIRO;RUA BARAO DE ITAMARACA;467;RUA RUI CALACA;PRÓXIMO A DISTRIBUIDORA GENTINGE;RUA BARAO DE ITAMARACA;467;PRÓXIMO A DISTRIBUIDORA GENTINGE;ESPINHEIRO;;CIDADE;ABALROAMENTO TRANSVERSAL;DOIS AUTOS;2;;;;;;;;;0;;;Bom;Não existe;Perfeito estado;Seca;Perfeito estado;;Outras;;Dupla;Faixa contínua;;
2020-03-16;08:46:00;SEM VÍTIMA;FINALIZADA;MADALENA;AV CAXANGA;443;;LADO OPOSTO AO COLÉGIO CFI;AV CAXANGA;443;LADO OPOSTO AO COLÉGIO CFI;MADALENA;;CIDADE;COLISÃO TRASEIRA;SEM VÍTIMAS ENTRE 3 VEICULOS;3;;;;;;;;;0;;Longo da via;Chuvoso;Sem defeito;Perfeito estado;Molhada;Perfeito estado;;;;Dupla;Faixa contínua;Faixa seccionada;Canteiro central
2020-03-16;09:00:00;COM VÍTIMA;FINALIZADA;TAMARINEIRA;EST VELHA DE AGUA FRIA;;;EM FRENTE AO DNOCS;EST VELHA DE AGUA FRIA;;EM FRENTE AO DNOCS;TAMARINEIRA;306;;COLISÃO TRASEIRA;COLISÃO ENTRE UM AUTO E MOTO;1;1;;;;;;;;1;;Longo da via;Chuvoso;Sem defeito;Perfeito estado;Seca;Perfeito estado;;R-6a;;Dupla;Faixa contínua;Faixa seccionada;
2020-03-16;11:13:00;SEM VÍTIMA;FINALIZADA;CASA AMARELA;AV NORTE;;;;AV NORTE;;;CASA AMARELA;95;SUBURBIO;COLISÃO TRASEIRA;COLISÃO S/VÍTIMAS ENTRE DOIS AUTOS;2;;;;;;;;;0;;Cruzamento;Bom;Sem defeito;Perfeito estado;Seca;Perfeito estado;Agente;Outras;;Dupla;Canteiro central;Blocos;
2020-03-16;12:07:00;COM VÍTIMA;FINALIZADA;BOA VIAGEM;TRV DR PEDRO DE MELO CAHU;201;RUA PROFESSOR JOSE BRANDAO;NA RUA POR TRAS DO COLEGIO BOA VIAGEM;TRV DR PEDRO DE MELO CAHU;201;NA RUA POR TRAS DO COLEGIO BOA VIAGEM;BOA VIAGEM;;;ABALROAMENTO TRANSVERSAL;COLISAO ENTRE AUTO E MOTO S/V;1;1;;;;;;;;1;;Cruzamento;Bom;Não existe;Incompleta;Seca;Perfeito estado;Não existe;Não há placas;;Dupla;Faixa seccionada;;
2020-03-16;12:32:00;SEM VÍTIMA;CANCELADA;MANGABEIRA;RUA NICEAS ARCOVERDE GUSMAO;;;EM FRENTE A ESCOLA MUNICIPAL DA MANGABEIRA;RUA NICEAS ARCOVERDE GUSMAO;;EM FRENTE A ESCOLA MUNICIPAL DA MANGABEIRA;MANGABEIRA;;;COLISÃO;COLISÃO SEM VÍTIMA;2;;;;;;;;;0;;;;;;;;;;;;;;
2020-03-16;12:38:00;COM VÍTIMA;FINALIZADA;MADALENA;AV CAXANGA;;;E/F AO COMPAZ S/T CID;AV CAXANGA;;E/F AO COMPAZ S/T CID;MADALENA;439;CIDADE;COLISÃO COM CICLISTA;COLISAO ENTRE ONIBUS E CICLISTA COM UMA VÍTIMA;;;;1;;1;;;;1;;Longo da via;Chuvoso;Sem defeito;Perfeito estado;Molhada;Perfeito estado;Faixa de pedestre;Outras;;Dupla;Faixa contínua;;
2020-03-16;12:51:00;COM VÍTIMA;FINALIZADA;IMBIRIBEIRA;AV SUL;268;RUA JOAQUIM BANDEIRA;E/F AO PONTILHAO DO METRO;AV SUL;268;E/F AO PONTILHAO DO METRO;IMBIRIBEIRA;;CIDADE;ABALROAMENTO TRANSVERSAL;;;1;;;;;;;;1;;Cruzamento;Bom;Não existe;Perfeito estado;Seca;Perfeito estado;Não existe;Placas Pare;;Única;Faixa contínua;Faixa seccionada;
2020-03-16;13:01:00;SEM VÍTIMA;FINALIZADA;GRAÇAS;RUA CARDEAL ARCOVERDE;267;;;RUA CARDEAL ARCOVERDE;267;;GRAÇAS;;SUBURBIO;ABALROAMENTO LONGITUDINAL;COLISAO ENTRE TRES AUTOS S/V;2;;;;;;;;;0;;Longo da via;Bom;Não existe;Perfeito estado;Seca;Perfeito estado;Outros;Não há placas;;Única;Não existe;;
2020-03-16;13:03:00;COM VÍTIMA;FINALIZADA;BOA VIAGEM;AV ENGENHEIRO DOMINGOS FERREIRA;;;EM FRENTE AO WALMART;AV ENGENHEIRO DOMINGOS FERREIRA;;EM FRENTE AO WALMART;BOA VIAGEM;303;SUBURBIO;ATROPELAMENTO;ATROPELAMENTO COM VÍTIMA;;1;;;1;;;;;1;;Cruzamento;Bom;Sem defeito;Perfeito estado;Seca;Perfeito estado;;Não há placas;;Única;Faixa contínua;Canteiro central;
2020-03-16;13:33:00;SEM VÍTIMA;FINALIZADA;DERBY;RUA AMARO BEZERRA;419;;E/F A FARMÁCIA DROGASIL;RUA AMARO BEZERRA;419;E/F A FARMÁCIA DROGASIL;DERBY;;CIDADE;ABALROAMENTO LONGITUDINAL;COLISAO ENTRE AUTO E CAMINHAO S/V;1;;;;;1;;;;0;;Outros;Bom;Não existe;Incompleta;Seca;Perfeito estado;;Placas Pare;;Única;Não existe;;
2020-03-16;13:48:00;SEM VÍTIMA;FINALIZADA;MADALENA;AV ENGENHEIRO ABDIAS DE CARVALHO;;;E/F A BOB´S;AV ENGENHEIRO ABDIAS DE CARVALHO;;E/F A BOB´S;MADALENA;52;CIDADE;COLISÃO TRASEIRA;COLISAO ENTRE AUTO E MOTO;1;1;;;;;;;;0;;Cruzamento;Bom;Sem defeito;Perfeito estado;Seca;Perfeito estado;Agente;Outras;60 km/h;Dupla;Canteiro central;;
2020-03-16;14:04:00;COM VÍTIMA;FINALIZADA;PARNAMIRIM;AV DEZESSETE DE AGOSTO;209;;AO LADO DA CULTURA INGLESA;AV DEZESSETE DE AGOSTO;209;AO LADO DA CULTURA INGLESA;PARNAMIRIM;411;;COLISÃO TRASEIRA;COLISAO ENTRE AUTO E MOTO COM UMA VÍTIMA;1;1;;;;;;;;1;;Longo da via;Bom;Sem defeito;Perfeito estado;Seca;Perfeito estado;Faixa de retenção;Outras;;Dupla;Faixa contínua;;
2020-03-16;14:22:00;SEM VÍTIMA;FINALIZADA;;;;;PISTA LOCAL DA AVENIDA TIMBÓ ( PISTA LESTE);;;PISTA LOCAL DA AVENIDA TIMBÓ ( PISTA LESTE);;;;COLISÃO TRASEIRA;COLISAO S/ VÍTIMA ENTRE DOIS VEICULOS;2;;;;;;;;;0;;Longo da via;Bom;Não existe;Não existente;Seca;Perfeito estado;Não existe;Não há placas;;Dupla;Não existe;;
2020-03-16;14:29:00;SEM VÍTIMA;CANCELADA;TORRE;RUA CONS THEODORO;1246;;PROXIMO A PRAÇA DA TORRE;RUA CONS THEODORO;1246;PROXIMO A PRAÇA DA TORRE;TORRE;;;COLISÃO;COLISÃO SEM VÍTIMA;2;;;;;;;;;0;;;;;;;;;;;;;;
2020-03-16;15:03:00;SEM VÍTIMA;CANCELADA;GRAÇAS;AV RUI BARBOSA;287;;AO LADO DO BANCO ITAU// EM FRENTE AO TRIBUNAL REGINAL ELEITORAL;AV RUI BARBOSA;287;AO LADO DO BANCO ITAU// EM FRENTE AO TRIBUNAL REGINAL ELEITORAL;GRAÇAS;;;COLISÃO;COLISAO S/ VÍTIMA ENTRE ONIBUS E TRICICULO;2;;;;;;;;;0;;;;;;;;;;;;;;
2020-03-16;15:03:00;SEM VÍTIMA;FINALIZADA;IMBIRIBEIRA;RUA JULIO VERNE;236;RUA ARQUITETO LUIZ NUNES;LADO OPOSTO A PAPELARIA BORGES;RUA JULIO VERNE;236;LADO OPOSTO A PAPELARIA BORGES;IMBIRIBEIRA;;SUBURBIO;COLISÃO FRONTAL;COLISAO ENTRE AUTO E MOTO S/V;1;1;;;;;;;;0;;Cruzamento;Bom;Não existe;Incompleta;Seca;Perfeito estado;Não existe;Outras;40 km/h;;Faixa seccionada;;